operator_id,total_records,incoming_records,outgoing_records,incoming_missed,incoming_answered_durations_sum,incoming_answered_count,outgoing_count,avg_time_to_answer_incoming,incoming_missed_rate,outgoing_rate,flag_high_missed,flag_slow_answer,flag_low_outgoing,ineficaz
879896.0,117,21,96,0,5616,21,96,267.42857142857144,0.0,0.8205128205128205,False,False,False,False
879898.0,227,57,170,0,6353,57,170,111.45614035087719,0.0,0.748898678414097,False,False,False,False
880020.0,20,7,13,0,299,7,13,42.714285714285715,0.0,0.65,False,False,False,False
880022.0,70,8,62,0,512,8,62,64.0,0.0,0.8857142857142857,False,False,False,False
880026.0,182,18,164,0,1587,18,164,88.16666666666667,0.0,0.9010989010989011,False,False,False,False
880028.0,202,41,161,0,5038,41,161,122.8780487804878,0.0,0.7970297029702971,False,False,False,False
880240.0,12,0,12,0,0,0,12,,,1.0,False,False,False,False
881278.0,8,0,8,0,0,0,8,,,1.0,False,False,False,False
882476.0,3,3,0,0,192,3,0,64.0,0.0,0.0,False,False,True,False
882478.0,3,2,1,0,68,2,1,34.0,0.0,0.3333333333333333,False,False,True,False
882680.0,43,43,0,3,6107,40,0,152.675,0.06976744186046512,0.0,False,False,True,False
882684.0,154,50,104,4,130703,46,104,2841.3695652173915,0.08,0.6753246753246753,False,True,False,False
882686.0,224,68,156,5,143968,63,156,2285.2063492063494,0.07352941176470588,0.6964285714285714,False,True,False,False
882688.0,9,2,7,0,1483,2,7,741.5,0.0,0.7777777777777778,False,False,False,False
882690.0,63,22,41,2,14638,20,41,731.9,0.09090909090909091,0.6507936507936508,False,False,False,False
883018.0,1,0,1,0,0,0,1,,,1.0,False,False,False,False
883898.0,1,0,1,0,0,0,1,,,1.0,False,False,False,False
883940.0,36,5,31,0,353,5,31,70.6,0.0,0.8611111111111112,False,False,False,False
883942.0,149,35,114,0,7851,35,114,224.31428571428572,0.0,0.7651006711409396,False,False,False,False
884294.0,1,1,0,0,5,1,0,5.0,0.0,0.0,False,False,True,False
884402.0,3,0,3,0,0,0,3,,,1.0,False,False,False,False
884406.0,2,0,2,0,0,0,2,,,1.0,False,False,False,False
884408.0,25,14,11,3,1643,11,11,149.36363636363637,0.21428571428571427,0.44,True,False,False,False
884412.0,113,16,97,0,1820,16,97,113.75,0.0,0.8584070796460177,False,False,False,False
884478.0,85,12,73,0,1155,12,73,96.25,0.0,0.8588235294117647,False,False,False,False
884524.0,2,2,0,0,50,2,0,25.0,0.0,0.0,False,False,True,False
884946.0,82,7,75,0,645,7,75,92.14285714285714,0.0,0.9146341463414634,False,False,False,False
885682.0,3,0,3,0,0,0,3,,,1.0,False,False,False,False
885876.0,283,90,193,17,59217,73,193,811.1917808219179,0.18888888888888888,0.6819787985865724,True,False,False,False
885890.0,253,94,159,21,79482,73,159,1088.7945205479452,0.22340425531914893,0.6284584980237155,True,True,False,True
886146.0,17,1,16,0,1799,1,16,1799.0,0.0,0.9411764705882353,False,True,False,False
886674.0,9,9,0,0,166,9,0,18.444444444444443,0.0,0.0,False,False,True,False
886892.0,1,1,0,0,72,1,0,72.0,0.0,0.0,False,False,True,False
887276.0,267,69,198,3,60571,66,198,917.7424242424242,0.043478260869565216,0.7415730337078652,False,False,False,False
887278.0,99,24,75,0,10451,24,75,435.4583333333333,0.0,0.7575757575757576,False,False,False,False
887280.0,6,0,6,0,0,0,6,,,1.0,False,False,False,False
887282.0,112,20,92,0,3836,20,92,191.8,0.0,0.8214285714285714,False,False,False,False
887416.0,11,11,0,0,2226,11,0,202.36363636363637,0.0,0.0,False,False,True,False
887802.0,58,6,52,0,1357,6,52,226.16666666666666,0.0,0.896551724137931,False,False,False,False
887992.0,6,0,6,0,0,0,6,,,1.0,False,False,False,False
888406.0,13,7,6,1,499,6,6,83.16666666666667,0.14285714285714285,0.46153846153846156,True,False,False,False
888520.0,5,5,0,0,1158,5,0,231.6,0.0,0.0,False,False,True,False
888532.0,85,9,76,2,2350,7,76,335.7142857142857,0.2222222222222222,0.8941176470588236,True,False,False,False
888534.0,134,36,98,2,4528,34,98,133.1764705882353,0.05555555555555555,0.7313432835820896,False,False,False,False
888536.0,31,2,29,0,299,2,29,149.5,0.0,0.9354838709677419,False,False,False,False
888538.0,6,1,5,0,566,1,5,566.0,0.0,0.8333333333333334,False,False,False,False
888540.0,15,3,12,0,871,3,12,290.3333333333333,0.0,0.8,False,False,False,False
888868.0,31,13,18,1,3765,12,18,313.75,0.07692307692307693,0.5806451612903226,False,False,False,False
889410.0,242,79,163,0,34482,79,163,436.4810126582278,0.0,0.6735537190082644,False,False,False,False
889638.0,3,3,0,0,44,3,0,14.666666666666666,0.0,0.0,False,False,True,False
889640.0,2,2,0,0,50,2,0,25.0,0.0,0.0,False,False,True,False
889754.0,199,72,127,2,51040,70,127,729.1428571428571,0.027777777777777776,0.6381909547738693,False,False,False,False
890226.0,5,3,2,0,71,3,2,23.666666666666668,0.0,0.4,False,False,False,False
890228.0,43,6,37,1,506,5,37,101.2,0.16666666666666666,0.8604651162790697,True,False,False,False
890232.0,15,0,15,0,0,0,15,,,1.0,False,False,False,False
890234.0,1,0,1,0,0,0,1,,,1.0,False,False,False,False
890402.0,220,73,147,0,141265,73,147,1935.13698630137,0.0,0.6681818181818182,False,True,False,False
890404.0,230,77,153,2,116819,75,153,1557.5866666666666,0.025974025974025976,0.6652173913043479,False,True,False,False
890406.0,216,74,142,4,118893,70,142,1698.4714285714285,0.05405405405405406,0.6574074074074074,False,True,False,False
890410.0,147,3,144,0,3202,3,144,1067.3333333333333,0.0,0.9795918367346939,False,True,False,False
890412.0,146,7,139,0,7488,7,139,1069.7142857142858,0.0,0.952054794520548,False,True,False,False
890416.0,139,0,139,0,0,0,139,,,1.0,False,False,False,False
890420.0,79,0,79,0,0,0,79,,,1.0,False,False,False,False
890422.0,56,0,56,0,0,0,56,,,1.0,False,False,False,False
890582.0,66,40,26,1,4695,39,26,120.38461538461539,0.025,0.3939393939393939,False,False,False,False
890618.0,77,31,46,1,7603,30,46,253.43333333333334,0.03225806451612903,0.5974025974025974,False,False,False,False
891152.0,85,0,85,0,0,0,85,,,1.0,False,False,False,False
891154.0,118,0,118,0,0,0,118,,,1.0,False,False,False,False
891156.0,11,0,11,0,0,0,11,,,1.0,False,False,False,False
891158.0,96,0,96,0,0,0,96,,,1.0,False,False,False,False
891160.0,73,0,73,0,0,0,73,,,1.0,False,False,False,False
891162.0,35,0,35,0,0,0,35,,,1.0,False,False,False,False
891166.0,89,0,89,0,0,0,89,,,1.0,False,False,False,False
891170.0,40,0,40,0,0,0,40,,,1.0,False,False,False,False
891192.0,1,0,1,0,0,0,1,,,1.0,False,False,False,False
891250.0,1,0,1,0,0,0,1,,,1.0,False,False,False,False
891252.0,13,0,13,0,0,0,13,,,1.0,False,False,False,False
891254.0,1,1,0,0,79,1,0,79.0,0.0,0.0,False,False,True,False
891410.0,261,70,191,2,98168,68,191,1443.6470588235295,0.02857142857142857,0.7318007662835249,False,True,False,False
891414.0,249,59,190,1,81459,58,190,1404.4655172413793,0.01694915254237288,0.7630522088353414,False,True,False,False
891416.0,190,47,143,0,17749,47,143,377.63829787234044,0.0,0.7526315789473684,False,False,False,False
891646.0,7,7,0,0,209,7,0,29.857142857142858,0.0,0.0,False,False,True,False
891744.0,8,4,4,0,67,4,4,16.75,0.0,0.5,False,False,False,False
891746.0,5,0,5,0,0,0,5,,,1.0,False,False,False,False
891824.0,19,7,12,0,195,7,12,27.857142857142858,0.0,0.631578947368421,False,False,False,False
891900.0,17,17,0,0,3987,17,0,234.52941176470588,0.0,0.0,False,False,True,False
891906.0,29,29,0,0,12593,29,0,434.2413793103448,0.0,0.0,False,False,True,False
891908.0,32,27,5,0,9105,27,5,337.22222222222223,0.0,0.15625,False,False,True,False
891918.0,6,5,1,0,315,5,1,63.0,0.0,0.16666666666666666,False,False,True,False
891946.0,27,13,14,0,1211,13,14,93.15384615384616,0.0,0.5185185185185185,False,False,False,False
891948.0,1,1,0,0,33,1,0,33.0,0.0,0.0,False,False,True,False
891970.0,2,0,2,0,0,0,2,,,1.0,False,False,False,False
891976.0,1,0,1,0,0,0,1,,,1.0,False,False,False,False
891988.0,168,63,105,0,48708,63,105,773.1428571428571,0.0,0.625,False,False,False,False
892028.0,64,0,64,0,0,0,64,,,1.0,False,False,False,False
892530.0,15,7,8,0,523,7,8,74.71428571428571,0.0,0.5333333333333333,False,False,False,False
892532.0,67,28,39,0,6218,28,39,222.07142857142858,0.0,0.582089552238806,False,False,False,False
892534.0,14,8,6,0,6546,8,6,818.25,0.0,0.42857142857142855,False,False,False,False
892536.0,21,11,10,0,1767,11,10,160.63636363636363,0.0,0.47619047619047616,False,False,False,False
892538.0,25,6,19,0,2016,6,19,336.0,0.0,0.76,False,False,False,False
892798.0,4,1,3,0,49,1,3,49.0,0.0,0.75,False,False,False,False
892800.0,3,0,3,0,0,0,3,,,1.0,False,False,False,False
893172.0,25,23,2,0,3665,23,2,159.34782608695653,0.0,0.08,False,False,True,False
893400.0,5,2,3,0,59,2,3,29.5,0.0,0.6,False,False,False,False
893402.0,117,82,35,3,29641,79,35,375.2025316455696,0.036585365853658534,0.29914529914529914,False,False,True,False
893420.0,72,51,21,1,18237,50,21,364.74,0.0196078431372549,0.2916666666666667,False,False,True,False
893674.0,83,0,83,0,0,0,83,,,1.0,False,False,False,False
893700.0,3,0,3,0,0,0,3,,,1.0,False,False,False,False
893804.0,289,107,182,9,172608,98,182,1761.3061224489795,0.08411214953271028,0.629757785467128,False,True,False,False
894120.0,9,9,0,1,1415,8,0,176.875,0.1111111111111111,0.0,False,False,True,False
894224.0,17,9,8,1,697,8,8,87.125,0.1111111111111111,0.47058823529411764,False,False,False,False
894226.0,11,0,11,0,0,0,11,,,1.0,False,False,False,False
894230.0,12,3,9,1,321,2,9,160.5,0.3333333333333333,0.75,True,False,False,False
894232.0,13,3,10,1,79,2,10,39.5,0.3333333333333333,0.7692307692307693,True,False,False,False
894614.0,6,6,0,1,1467,5,0,293.4,0.16666666666666666,0.0,True,False,True,True
894656.0,153,15,138,0,843,15,138,56.2,0.0,0.9019607843137255,False,False,False,False
894662.0,18,1,17,0,668,1,17,668.0,0.0,0.9444444444444444,False,False,False,False
894934.0,3,0,3,0,0,0,3,,,1.0,False,False,False,False
895140.0,2,2,0,0,91,2,0,45.5,0.0,0.0,False,False,True,False
895170.0,10,10,0,0,764,10,0,76.4,0.0,0.0,False,False,True,False
895172.0,39,6,33,0,1509,6,33,251.5,0.0,0.8461538461538461,False,False,False,False
895266.0,3,2,1,0,35,2,1,17.5,0.0,0.3333333333333333,False,False,True,False
895370.0,2,0,2,0,0,0,2,,,1.0,False,False,False,False
895574.0,47,47,0,1,11228,46,0,244.08695652173913,0.02127659574468085,0.0,False,False,True,False
895576.0,40,40,0,1,5519,39,0,141.51282051282053,0.025,0.0,False,False,True,False
895578.0,37,37,0,0,4498,37,0,121.56756756756756,0.0,0.0,False,False,True,False
895598.0,4,2,2,0,64,2,2,32.0,0.0,0.5,False,False,False,False
895774.0,39,6,33,0,2130,6,33,355.0,0.0,0.8461538461538461,False,False,False,False
895776.0,53,10,43,1,602,9,43,66.88888888888889,0.1,0.8113207547169812,False,False,False,False
895782.0,8,8,0,0,487,8,0,60.875,0.0,0.0,False,False,True,False
895786.0,14,14,0,0,2093,14,0,149.5,0.0,0.0,False,False,True,False
896008.0,75,0,75,0,0,0,75,,,1.0,False,False,False,False
896010.0,10,7,3,0,492,7,3,70.28571428571429,0.0,0.3,False,False,True,False
896012.0,62,62,0,1,30201,61,0,495.0983606557377,0.016129032258064516,0.0,False,False,True,False
896014.0,18,12,6,0,955,12,6,79.58333333333333,0.0,0.3333333333333333,False,False,True,False
896016.0,139,29,110,0,4843,29,110,167.0,0.0,0.7913669064748201,False,False,False,False
896018.0,15,8,7,0,260,8,7,32.5,0.0,0.4666666666666667,False,False,False,False
896020.0,3,3,0,0,472,3,0,157.33333333333334,0.0,0.0,False,False,True,False
896382.0,31,11,20,0,3782,11,20,343.8181818181818,0.0,0.6451612903225806,False,False,False,False
896384.0,3,0,3,0,0,0,3,,,1.0,False,False,False,False
896386.0,2,0,2,0,0,0,2,,,1.0,False,False,False,False
896390.0,10,0,10,0,0,0,10,,,1.0,False,False,False,False
896428.0,39,8,31,0,2042,8,31,255.25,0.0,0.7948717948717948,False,False,False,False
896430.0,5,1,4,0,219,1,4,219.0,0.0,0.8,False,False,False,False
896536.0,67,67,0,2,23894,65,0,367.6,0.029850746268656716,0.0,False,False,True,False
896538.0,11,11,0,1,2087,10,0,208.7,0.09090909090909091,0.0,False,False,True,False
896708.0,34,11,23,0,7610,11,23,691.8181818181819,0.0,0.6764705882352942,False,False,False,False
897030.0,21,5,16,0,181,5,16,36.2,0.0,0.7619047619047619,False,False,False,False
897872.0,29,3,26,1,71,2,26,35.5,0.3333333333333333,0.896551724137931,True,False,False,False
897894.0,5,0,5,0,0,0,5,,,1.0,False,False,False,False
898414.0,7,3,4,1,1604,2,4,802.0,0.3333333333333333,0.5714285714285714,True,False,False,False
898422.0,22,10,12,1,4655,9,12,517.2222222222222,0.1,0.5454545454545454,False,False,False,False
898434.0,6,0,6,0,0,0,6,,,1.0,False,False,False,False
898558.0,12,12,0,0,800,12,0,66.66666666666667,0.0,0.0,False,False,True,False
898560.0,8,8,0,0,1152,8,0,144.0,0.0,0.0,False,False,True,False
898676.0,2,2,0,0,157,2,0,78.5,0.0,0.0,False,False,True,False
898892.0,46,10,36,0,1749,10,36,174.9,0.0,0.782608695652174,False,False,False,False
898902.0,7,0,7,0,0,0,7,,,1.0,False,False,False,False
898906.0,13,4,9,0,2131,4,9,532.75,0.0,0.6923076923076923,False,False,False,False
898920.0,5,2,3,0,1478,2,3,739.0,0.0,0.6,False,False,False,False
899076.0,2,0,2,0,0,0,2,,,1.0,False,False,False,False
899082.0,205,69,136,1,53265,68,136,783.3088235294117,0.014492753623188406,0.6634146341463415,False,False,False,False
899250.0,216,84,132,5,24720,79,132,312.9113924050633,0.05952380952380952,0.6111111111111112,False,False,False,False
899268.0,24,24,0,2,3166,22,0,143.9090909090909,0.08333333333333333,0.0,False,False,True,False
899788.0,39,0,39,0,0,0,39,,,1.0,False,False,False,False
899790.0,33,0,33,0,0,0,33,,,1.0,False,False,False,False
899892.0,3,3,0,0,191,3,0,63.666666666666664,0.0,0.0,False,False,True,False
899898.0,2,2,0,0,1180,2,0,590.0,0.0,0.0,False,False,True,False
899900.0,2,2,0,0,382,2,0,191.0,0.0,0.0,False,False,True,False
899906.0,1,1,0,0,626,1,0,626.0,0.0,0.0,False,False,True,False
899912.0,1,1,0,0,189,1,0,189.0,0.0,0.0,False,False,True,False
899932.0,43,0,43,0,0,0,43,,,1.0,False,False,False,False
899964.0,29,0,29,0,0,0,29,,,1.0,False,False,False,False
899968.0,30,0,30,0,0,0,30,,,1.0,False,False,False,False
899972.0,32,0,32,0,0,0,32,,,1.0,False,False,False,False
900180.0,104,2,102,0,523,2,102,261.5,0.0,0.9807692307692307,False,False,False,False
900192.0,2,1,1,0,2,1,1,2.0,0.0,0.5,False,False,False,False
900194.0,62,36,26,2,10643,34,26,313.02941176470586,0.05555555555555555,0.41935483870967744,False,False,False,False
900352.0,136,57,79,1,25078,56,79,447.82142857142856,0.017543859649122806,0.5808823529411765,False,False,False,False
900354.0,149,47,102,3,17790,44,102,404.3181818181818,0.06382978723404255,0.6845637583892618,False,False,False,False
900458.0,11,1,10,0,9,1,10,9.0,0.0,0.9090909090909091,False,False,False,False
900492.0,103,15,88,1,1357,14,88,96.92857142857143,0.06666666666666667,0.8543689320388349,False,False,False,False
900592.0,81,40,41,0,23686,40,41,592.15,0.0,0.5061728395061729,False,False,False,False
900594.0,83,20,63,0,4347,20,63,217.35,0.0,0.7590361445783133,False,False,False,False
900614.0,35,12,23,0,1225,12,23,102.08333333333333,0.0,0.6571428571428571,False,False,False,False
900742.0,17,9,8,0,1098,9,8,122.0,0.0,0.47058823529411764,False,False,False,False
900746.0,30,11,19,2,1470,9,19,163.33333333333334,0.18181818181818182,0.6333333333333333,True,False,False,False
900788.0,80,42,38,1,16382,41,38,399.5609756097561,0.023809523809523808,0.475,False,False,False,False
900790.0,25,8,17,0,4504,8,17,563.0,0.0,0.68,False,False,False,False
900792.0,5,1,4,0,55,1,4,55.0,0.0,0.8,False,False,False,False
900826.0,165,46,119,0,10819,46,119,235.19565217391303,0.0,0.7212121212121212,False,False,False,False
900892.0,246,87,159,3,44721,84,159,532.3928571428571,0.034482758620689655,0.6463414634146342,False,False,False,False
900894.0,134,44,90,1,14697,43,90,341.7906976744186,0.022727272727272728,0.6716417910447762,False,False,False,False
901034.0,17,10,7,0,1484,10,7,148.4,0.0,0.4117647058823529,False,False,False,False
901038.0,26,4,22,0,223,4,22,55.75,0.0,0.8461538461538461,False,False,False,False
901178.0,45,30,15,0,20405,30,15,680.1666666666666,0.0,0.3333333333333333,False,False,True,False
901350.0,32,32,0,0,3485,32,0,108.90625,0.0,0.0,False,False,True,False
901492.0,27,24,3,0,2966,24,3,123.58333333333333,0.0,0.1111111111111111,False,False,True,False
901498.0,4,4,0,0,198,4,0,49.5,0.0,0.0,False,False,True,False
901584.0,120,42,78,0,6566,42,78,156.33333333333334,0.0,0.65,False,False,False,False
901586.0,59,27,32,0,3028,27,32,112.14814814814815,0.0,0.5423728813559322,False,False,False,False
901588.0,45,19,26,0,1954,19,26,102.84210526315789,0.0,0.5777777777777777,False,False,False,False
901734.0,13,13,0,0,2300,13,0,176.92307692307693,0.0,0.0,False,False,True,False
901880.0,302,108,194,10,256328,98,194,2615.591836734694,0.09259259259259259,0.6423841059602649,False,True,False,False
901884.0,323,95,228,1,100956,94,228,1074.0,0.010526315789473684,0.7058823529411765,False,True,False,False
901886.0,155,50,105,0,16086,50,105,321.72,0.0,0.6774193548387096,False,False,False,False
901894.0,9,9,0,0,3101,9,0,344.55555555555554,0.0,0.0,False,False,True,False
901992.0,40,7,33,0,303,7,33,43.285714285714285,0.0,0.825,False,False,False,False
901996.0,5,1,4,0,226,1,4,226.0,0.0,0.8,False,False,False,False
902238.0,2,1,1,0,21,1,1,21.0,0.0,0.5,False,False,False,False
902510.0,121,26,95,2,17643,24,95,735.125,0.07692307692307693,0.7851239669421488,False,False,False,False
902532.0,110,34,76,1,35121,33,76,1064.2727272727273,0.029411764705882353,0.6909090909090909,False,True,False,False
902608.0,22,5,17,0,988,5,17,197.6,0.0,0.7727272727272727,False,False,False,False
902720.0,126,33,93,0,14680,33,93,444.8484848484849,0.0,0.7380952380952381,False,False,False,False
902742.0,65,0,65,0,0,0,65,,,1.0,False,False,False,False
902744.0,81,0,81,0,0,0,81,,,1.0,False,False,False,False
902746.0,74,0,74,0,0,0,74,,,1.0,False,False,False,False
902748.0,58,0,58,0,0,0,58,,,1.0,False,False,False,False
902774.0,56,0,56,0,0,0,56,,,1.0,False,False,False,False
902776.0,42,0,42,0,0,0,42,,,1.0,False,False,False,False
902778.0,48,0,48,0,0,0,48,,,1.0,False,False,False,False
902782.0,61,0,61,0,0,0,61,,,1.0,False,False,False,False
902906.0,39,39,0,0,5360,39,0,137.43589743589743,0.0,0.0,False,False,True,False
902910.0,20,20,0,1,1627,19,0,85.63157894736842,0.05,0.0,False,False,True,False
903254.0,221,69,152,0,21396,69,152,310.0869565217391,0.0,0.6877828054298643,False,False,False,False
903292.0,20,8,12,0,6896,8,12,862.0,0.0,0.6,False,False,False,False
903312.0,78,52,26,2,12510,50,26,250.2,0.038461538461538464,0.3333333333333333,False,False,True,False
903318.0,193,57,136,3,50260,54,136,930.7407407407408,0.05263157894736842,0.7046632124352331,False,False,False,False
903390.0,7,7,0,0,480,7,0,68.57142857142857,0.0,0.0,False,False,True,False
903512.0,17,17,0,0,2441,17,0,143.58823529411765,0.0,0.0,False,False,True,False
903974.0,2,2,0,0,93,2,0,46.5,0.0,0.0,False,False,True,False
903976.0,2,2,0,0,134,2,0,67.0,0.0,0.0,False,False,True,False
903978.0,4,1,3,0,134,1,3,134.0,0.0,0.75,False,False,False,False
904014.0,68,13,55,0,2282,13,55,175.53846153846155,0.0,0.8088235294117647,False,False,False,False
904016.0,120,26,94,2,4301,24,94,179.20833333333334,0.07692307692307693,0.7833333333333333,False,False,False,False
904038.0,167,78,89,2,104706,76,89,1377.7105263157894,0.02564102564102564,0.5329341317365269,False,True,False,False
904044.0,60,42,18,1,29598,41,18,721.9024390243902,0.023809523809523808,0.3,False,False,True,False
904058.0,17,17,0,0,1241,17,0,73.0,0.0,0.0,False,False,True,False
904200.0,11,6,5,0,127,6,5,21.166666666666668,0.0,0.45454545454545453,False,False,False,False
904202.0,25,6,19,0,880,6,19,146.66666666666666,0.0,0.76,False,False,False,False
904204.0,24,4,20,0,213,4,20,53.25,0.0,0.8333333333333334,False,False,False,False
904284.0,29,29,0,0,2781,29,0,95.89655172413794,0.0,0.0,False,False,True,False
904344.0,3,2,1,1,3,1,1,3.0,0.5,0.3333333333333333,True,False,True,True
904372.0,2,2,0,0,45,2,0,22.5,0.0,0.0,False,False,True,False
905082.0,1,1,0,0,5,1,0,5.0,0.0,0.0,False,False,True,False
905104.0,142,63,79,6,20778,57,79,364.5263157894737,0.09523809523809523,0.5563380281690141,False,False,False,False
905300.0,16,16,0,2,487,14,0,34.785714285714285,0.125,0.0,True,False,True,True
905308.0,1,0,1,0,0,0,1,,,1.0,False,False,False,False
905430.0,50,16,34,1,13605,15,34,907.0,0.0625,0.68,False,False,False,False
905432.0,30,6,24,0,2145,6,24,357.5,0.0,0.8,False,False,False,False
905470.0,1,0,1,0,0,0,1,,,1.0,False,False,False,False
905472.0,4,1,3,0,17,1,3,17.0,0.0,0.75,False,False,False,False
905478.0,1,1,0,0,22,1,0,22.0,0.0,0.0,False,False,True,False
905480.0,1,0,1,0,0,0,1,,,1.0,False,False,False,False
905538.0,245,54,191,2,19748,52,191,379.7692307692308,0.037037037037037035,0.7795918367346939,False,False,False,False
905542.0,211,50,161,3,6220,47,161,132.3404255319149,0.06,0.7630331753554502,False,False,False,False
905564.0,200,31,169,1,3266,30,169,108.86666666666666,0.03225806451612903,0.845,False,False,False,False
905566.0,193,23,170,1,1941,22,170,88.22727272727273,0.043478260869565216,0.8808290155440415,False,False,False,False
905570.0,42,0,42,0,0,0,42,,,1.0,False,False,False,False
905574.0,110,3,107,0,278,3,107,92.66666666666667,0.0,0.9727272727272728,False,False,False,False
905840.0,6,0,6,0,0,0,6,,,1.0,False,False,False,False
905842.0,119,2,117,0,27,2,117,13.5,0.0,0.9831932773109243,False,False,False,False
905844.0,122,12,110,0,1302,12,110,108.5,0.0,0.9016393442622951,False,False,False,False
905862.0,38,37,1,3,8414,34,1,247.47058823529412,0.08108108108108109,0.02631578947368421,False,False,True,False
905870.0,74,31,43,0,16806,31,43,542.1290322580645,0.0,0.581081081081081,False,False,False,False
905930.0,115,33,82,0,6413,33,82,194.33333333333334,0.0,0.7130434782608696,False,False,False,False
905932.0,113,25,88,0,2891,25,88,115.64,0.0,0.7787610619469026,False,False,False,False
905934.0,15,1,14,0,249,1,14,249.0,0.0,0.9333333333333333,False,False,False,False
906070.0,37,15,22,2,48426,13,22,3725.076923076923,0.13333333333333333,0.5945945945945946,True,True,False,True
906076.0,3,2,1,0,2691,2,1,1345.5,0.0,0.3333333333333333,False,True,True,True
906294.0,170,50,120,1,30140,49,120,615.1020408163265,0.02,0.7058823529411765,False,False,False,False
906296.0,86,2,84,0,345,2,84,172.5,0.0,0.9767441860465116,False,False,False,False
906392.0,30,7,23,2,321,5,23,64.2,0.2857142857142857,0.7666666666666667,True,False,False,False
906394.0,123,19,104,0,7985,19,104,420.2631578947368,0.0,0.8455284552845529,False,False,False,False
906396.0,126,34,92,3,14697,31,92,474.0967741935484,0.08823529411764706,0.7301587301587301,False,False,False,False
906398.0,56,28,28,0,8025,28,28,286.60714285714283,0.0,0.5,False,False,False,False
906400.0,152,40,112,3,14104,37,112,381.18918918918916,0.075,0.7368421052631579,False,False,False,False
906402.0,17,6,11,0,711,6,11,118.5,0.0,0.6470588235294118,False,False,False,False
906404.0,154,43,111,6,74737,37,111,2019.918918918919,0.13953488372093023,0.7207792207792207,True,True,False,True
906406.0,203,46,157,3,77862,43,157,1810.7441860465117,0.06521739130434782,0.7733990147783252,False,True,False,False
906408.0,61,28,33,4,30846,24,33,1285.25,0.14285714285714285,0.5409836065573771,True,True,False,True
906410.0,47,34,13,5,14567,29,13,502.3103448275862,0.14705882352941177,0.2765957446808511,True,False,True,True
906412.0,90,15,75,2,698,13,75,53.69230769230769,0.13333333333333333,0.8333333333333334,True,False,False,False
906416.0,36,5,31,0,156,5,31,31.2,0.0,0.8611111111111112,False,False,False,False
906418.0,6,3,3,0,227,3,3,75.66666666666667,0.0,0.5,False,False,False,False
906420.0,15,5,10,0,184,5,10,36.8,0.0,0.6666666666666666,False,False,False,False
906680.0,122,57,65,2,11435,55,65,207.9090909090909,0.03508771929824561,0.5327868852459017,False,False,False,False
906866.0,29,0,29,0,0,0,29,,,1.0,False,False,False,False
907174.0,115,8,107,0,814,8,107,101.75,0.0,0.9304347826086956,False,False,False,False
907178.0,64,2,62,0,349,2,62,174.5,0.0,0.96875,False,False,False,False
907180.0,30,0,30,0,0,0,30,,,1.0,False,False,False,False
907182.0,109,34,75,0,12701,34,75,373.55882352941177,0.0,0.6880733944954128,False,False,False,False
907224.0,146,22,124,0,3180,22,124,144.54545454545453,0.0,0.8493150684931506,False,False,False,False
907440.0,83,6,77,0,1156,6,77,192.66666666666666,0.0,0.927710843373494,False,False,False,False
907442.0,47,0,47,0,0,0,47,,,1.0,False,False,False,False
907502.0,60,60,0,2,12136,58,0,209.24137931034483,0.03333333333333333,0.0,False,False,True,False
907504.0,13,4,9,0,177,4,9,44.25,0.0,0.6923076923076923,False,False,False,False
907618.0,1,1,0,0,39,1,0,39.0,0.0,0.0,False,False,True,False
907952.0,109,36,73,2,7454,34,73,219.23529411764707,0.05555555555555555,0.6697247706422018,False,False,False,False
907964.0,40,12,28,0,5468,12,28,455.6666666666667,0.0,0.7,False,False,False,False
907970.0,85,14,71,0,6082,14,71,434.42857142857144,0.0,0.8352941176470589,False,False,False,False
907972.0,9,4,5,0,174,4,5,43.5,0.0,0.5555555555555556,False,False,False,False
907974.0,3,3,0,0,1281,3,0,427.0,0.0,0.0,False,False,True,False
907982.0,83,35,48,1,7519,34,48,221.14705882352942,0.02857142857142857,0.5783132530120482,False,False,False,False
907986.0,74,1,73,0,212,1,73,212.0,0.0,0.9864864864864865,False,False,False,False
907994.0,79,27,52,0,14959,27,52,554.0370370370371,0.0,0.6582278481012658,False,False,False,False
907998.0,1,0,1,0,0,0,1,,,1.0,False,False,False,False
908002.0,14,4,10,0,64,4,10,16.0,0.0,0.7142857142857143,False,False,False,False
908078.0,46,29,17,0,3084,29,17,106.34482758620689,0.0,0.3695652173913043,False,False,False,False
908080.0,5,4,1,0,711,4,1,177.75,0.0,0.2,False,False,True,False
908082.0,29,18,11,0,2960,18,11,164.44444444444446,0.0,0.3793103448275862,False,False,False,False
908098.0,3,3,0,0,231,3,0,77.0,0.0,0.0,False,False,True,False
908130.0,3,3,0,0,224,3,0,74.66666666666667,0.0,0.0,False,False,True,False
908152.0,9,9,0,0,643,9,0,71.44444444444444,0.0,0.0,False,False,True,False
908162.0,2,2,0,0,281,2,0,140.5,0.0,0.0,False,False,True,False
908180.0,1,1,0,0,6,1,0,6.0,0.0,0.0,False,False,True,False
908300.0,2,2,0,0,29,2,0,14.5,0.0,0.0,False,False,True,False
908640.0,43,0,43,0,0,0,43,,,1.0,False,False,False,False
908718.0,3,0,3,0,0,0,3,,,1.0,False,False,False,False
908834.0,5,4,1,0,1711,4,1,427.75,0.0,0.2,False,False,True,False
908958.0,143,94,49,3,104392,91,49,1147.1648351648353,0.031914893617021274,0.34265734265734266,False,True,False,False
908960.0,159,108,51,8,66100,100,51,661.0,0.07407407407407407,0.32075471698113206,False,False,True,False
908984.0,2,0,2,0,0,0,2,,,1.0,False,False,False,False
909134.0,70,65,5,1,29181,64,5,455.953125,0.015384615384615385,0.07142857142857142,False,False,True,False
909308.0,3,0,3,0,0,0,3,,,1.0,False,False,False,False
909392.0,5,5,0,0,513,5,0,102.6,0.0,0.0,False,False,True,False
909452.0,1,0,1,0,0,0,1,,,1.0,False,False,False,False
909502.0,36,0,36,0,0,0,36,,,1.0,False,False,False,False
909624.0,2,2,0,0,155,2,0,77.5,0.0,0.0,False,False,True,False
909768.0,14,14,0,0,3901,14,0,278.64285714285717,0.0,0.0,False,False,True,False
909892.0,5,3,2,0,414,3,2,138.0,0.0,0.4,False,False,False,False
909894.0,1,1,0,0,19,1,0,19.0,0.0,0.0,False,False,True,False
909896.0,1,1,0,0,16,1,0,16.0,0.0,0.0,False,False,True,False
909910.0,116,0,116,0,0,0,116,,,1.0,False,False,False,False
910018.0,50,50,0,0,23686,50,0,473.72,0.0,0.0,False,False,True,False
910038.0,2,2,0,0,204,2,0,102.0,0.0,0.0,False,False,True,False
910044.0,10,10,0,0,2507,10,0,250.7,0.0,0.0,False,False,True,False
910224.0,8,8,0,0,333,8,0,41.625,0.0,0.0,False,False,True,False
910226.0,8,8,0,2,303,6,0,50.5,0.25,0.0,True,False,True,True
910516.0,22,22,0,0,1970,22,0,89.54545454545455,0.0,0.0,False,False,True,False
910520.0,50,0,50,0,0,0,50,,,1.0,False,False,False,False
910524.0,10,0,10,0,0,0,10,,,1.0,False,False,False,False
910530.0,28,0,28,0,0,0,28,,,1.0,False,False,False,False
910532.0,17,0,17,0,0,0,17,,,1.0,False,False,False,False
910540.0,58,58,0,1,29267,57,0,513.4561403508771,0.017241379310344827,0.0,False,False,True,False
910594.0,2,0,2,0,0,0,2,,,1.0,False,False,False,False
910902.0,8,0,8,0,0,0,8,,,1.0,False,False,False,False
910926.0,7,0,7,0,0,0,7,,,1.0,False,False,False,False
910958.0,10,10,0,0,792,10,0,79.2,0.0,0.0,False,False,True,False
911102.0,20,20,0,3,1163,17,0,68.41176470588235,0.15,0.0,True,False,True,True
911104.0,1,1,0,0,137,1,0,137.0,0.0,0.0,False,False,True,False
911136.0,46,46,0,1,27476,45,0,610.5777777777778,0.021739130434782608,0.0,False,False,True,False
911138.0,56,56,0,3,37351,53,0,704.7358490566038,0.05357142857142857,0.0,False,False,True,False
911140.0,33,33,0,2,8796,31,0,283.741935483871,0.06060606060606061,0.0,False,False,True,False
911142.0,14,14,0,2,721,12,0,60.083333333333336,0.14285714285714285,0.0,True,False,True,True
911152.0,1,1,0,0,59,1,0,59.0,0.0,0.0,False,False,True,False
911214.0,2,2,0,0,21,2,0,10.5,0.0,0.0,False,False,True,False
911310.0,90,55,35,2,28627,53,35,540.1320754716982,0.03636363636363636,0.3888888888888889,False,False,False,False
912010.0,52,52,0,2,8215,50,0,164.3,0.038461538461538464,0.0,False,False,True,False
912252.0,93,27,66,0,5966,27,66,220.96296296296296,0.0,0.7096774193548387,False,False,False,False
912296.0,123,47,76,3,20809,44,76,472.9318181818182,0.06382978723404255,0.6178861788617886,False,False,False,False
912684.0,16,16,0,1,2247,15,0,149.8,0.0625,0.0,False,False,True,False
912722.0,186,45,141,0,18385,45,141,408.55555555555554,0.0,0.7580645161290323,False,False,False,False
913474.0,4,1,3,0,31,1,3,31.0,0.0,0.75,False,False,False,False
913780.0,3,3,0,0,262,3,0,87.33333333333333,0.0,0.0,False,False,True,False
913788.0,174,66,108,2,83033,64,108,1297.390625,0.030303030303030304,0.6206896551724138,False,True,False,False
913868.0,4,1,3,0,651,1,3,651.0,0.0,0.75,False,False,False,False
913886.0,2,2,0,1,14,1,0,14.0,0.5,0.0,True,False,True,True
913938.0,148,77,71,13,353182,64,71,5518.46875,0.16883116883116883,0.4797297297297297,True,True,False,True
913942.0,135,85,50,28,206880,57,50,3629.4736842105262,0.32941176470588235,0.37037037037037035,True,True,False,True
913984.0,3,1,2,0,203,1,2,203.0,0.0,0.6666666666666666,False,False,False,False
914036.0,3,0,3,0,0,0,3,,,1.0,False,False,False,False
914050.0,50,10,40,0,1430,10,40,143.0,0.0,0.8,False,False,False,False
914052.0,86,0,86,0,0,0,86,,,1.0,False,False,False,False
914168.0,6,1,5,0,460,1,5,460.0,0.0,0.8333333333333334,False,False,False,False
914170.0,8,5,3,0,2114,5,3,422.8,0.0,0.375,False,False,False,False
914172.0,2,2,0,0,113,2,0,56.5,0.0,0.0,False,False,True,False
914238.0,34,0,34,0,0,0,34,,,1.0,False,False,False,False
914240.0,8,0,8,0,0,0,8,,,1.0,False,False,False,False
914256.0,16,15,1,0,1393,15,1,92.86666666666666,0.0,0.0625,False,False,True,False
914266.0,3,0,3,0,0,0,3,,,1.0,False,False,False,False
914272.0,1,0,1,0,0,0,1,,,1.0,False,False,False,False
914338.0,12,0,12,0,0,0,12,,,1.0,False,False,False,False
914348.0,4,0,4,0,0,0,4,,,1.0,False,False,False,False
914426.0,5,3,2,0,434,3,2,144.66666666666666,0.0,0.4,False,False,False,False
914440.0,20,19,1,1,3644,18,1,202.44444444444446,0.05263157894736842,0.05,False,False,True,False
914626.0,1,0,1,0,0,0,1,,,1.0,False,False,False,False
914630.0,48,12,36,0,1772,12,36,147.66666666666666,0.0,0.75,False,False,False,False
914636.0,11,2,9,0,329,2,9,164.5,0.0,0.8181818181818182,False,False,False,False
914816.0,7,0,7,0,0,0,7,,,1.0,False,False,False,False
914842.0,6,6,0,0,1738,6,0,289.6666666666667,0.0,0.0,False,False,True,False
914848.0,7,2,5,0,38,2,5,19.0,0.0,0.7142857142857143,False,False,False,False
914870.0,6,4,2,0,275,4,2,68.75,0.0,0.3333333333333333,False,False,True,False
915358.0,64,0,64,0,0,0,64,,,1.0,False,False,False,False
915360.0,77,0,77,0,0,0,77,,,1.0,False,False,False,False
915504.0,7,0,7,0,0,0,7,,,1.0,False,False,False,False
915556.0,197,61,136,3,32519,58,136,560.6724137931035,0.04918032786885246,0.6903553299492385,False,False,False,False
915558.0,25,0,25,0,0,0,25,,,1.0,False,False,False,False
915614.0,18,1,17,0,63,1,17,63.0,0.0,0.9444444444444444,False,False,False,False
915958.0,15,6,9,0,2055,6,9,342.5,0.0,0.6,False,False,False,False
916424.0,76,35,41,3,31649,32,41,989.03125,0.08571428571428572,0.5394736842105263,False,True,False,False
916596.0,3,0,3,0,0,0,3,,,1.0,False,False,False,False
916618.0,57,30,27,0,3933,30,27,131.1,0.0,0.47368421052631576,False,False,False,False
917234.0,61,5,56,0,205,5,56,41.0,0.0,0.9180327868852459,False,False,False,False
917252.0,12,3,9,0,578,3,9,192.66666666666666,0.0,0.75,False,False,False,False
917378.0,8,2,6,0,124,2,6,62.0,0.0,0.75,False,False,False,False
917446.0,9,0,9,0,0,0,9,,,1.0,False,False,False,False
917680.0,15,2,13,0,221,2,13,110.5,0.0,0.8666666666666667,False,False,False,False
917682.0,2,0,2,0,0,0,2,,,1.0,False,False,False,False
917846.0,12,2,10,0,311,2,10,155.5,0.0,0.8333333333333334,False,False,False,False
917850.0,123,48,75,1,12008,47,75,255.48936170212767,0.020833333333333332,0.6097560975609756,False,False,False,False
917852.0,147,47,100,1,29496,46,100,641.2173913043479,0.02127659574468085,0.6802721088435374,False,False,False,False
917856.0,32,2,30,0,334,2,30,167.0,0.0,0.9375,False,False,False,False
917858.0,2,1,1,0,153,1,1,153.0,0.0,0.5,False,False,False,False
917876.0,9,7,2,0,342,7,2,48.857142857142854,0.0,0.2222222222222222,False,False,True,False
917890.0,1,0,1,0,0,0,1,,,1.0,False,False,False,False
918390.0,72,0,72,0,0,0,72,,,1.0,False,False,False,False
918436.0,46,20,26,1,2389,19,26,125.73684210526316,0.05,0.5652173913043478,False,False,False,False
918452.0,95,0,95,0,0,0,95,,,1.0,False,False,False,False
918888.0,11,8,3,1,152,7,3,21.714285714285715,0.125,0.2727272727272727,True,False,True,True
918956.0,10,2,8,0,34,2,8,17.0,0.0,0.8,False,False,False,False
918958.0,4,1,3,0,32,1,3,32.0,0.0,0.75,False,False,False,False
918978.0,133,44,89,4,100233,40,89,2505.825,0.09090909090909091,0.6691729323308271,False,True,False,False
918986.0,130,40,90,0,83175,40,90,2079.375,0.0,0.6923076923076923,False,True,False,False
918988.0,2,1,1,0,16,1,1,16.0,0.0,0.5,False,False,False,False
919126.0,20,0,20,0,0,0,20,,,1.0,False,False,False,False
919128.0,9,0,9,0,0,0,9,,,1.0,False,False,False,False
919162.0,31,0,31,0,0,0,31,,,1.0,False,False,False,False
919164.0,22,14,8,3,37524,11,8,3411.2727272727275,0.21428571428571427,0.36363636363636365,True,True,False,True
919166.0,24,14,10,4,58040,10,10,5804.0,0.2857142857142857,0.4166666666666667,True,True,False,True
919188.0,12,0,12,0,0,0,12,,,1.0,False,False,False,False
919190.0,5,2,3,0,316,2,3,158.0,0.0,0.6,False,False,False,False
919192.0,32,0,32,0,0,0,32,,,1.0,False,False,False,False
919194.0,34,0,34,0,0,0,34,,,1.0,False,False,False,False
919196.0,34,0,34,0,0,0,34,,,1.0,False,False,False,False
919198.0,21,0,21,0,0,0,21,,,1.0,False,False,False,False
919200.0,26,0,26,0,0,0,26,,,1.0,False,False,False,False
919202.0,36,0,36,0,0,0,36,,,1.0,False,False,False,False
919204.0,24,17,7,5,94028,12,7,7835.666666666667,0.29411764705882354,0.2916666666666667,True,True,True,True
919206.0,20,19,1,7,32736,12,1,2728.0,0.3684210526315789,0.05,True,True,True,True
919214.0,11,10,1,0,2760,10,1,276.0,0.0,0.09090909090909091,False,False,True,False
919218.0,46,10,36,1,1545,9,36,171.66666666666666,0.1,0.782608695652174,False,False,False,False
919302.0,33,0,33,0,0,0,33,,,1.0,False,False,False,False
919306.0,25,0,25,0,0,0,25,,,1.0,False,False,False,False
919310.0,43,0,43,0,0,0,43,,,1.0,False,False,False,False
919314.0,28,0,28,0,0,0,28,,,1.0,False,False,False,False
919318.0,30,0,30,0,0,0,30,,,1.0,False,False,False,False
919362.0,28,0,28,0,0,0,28,,,1.0,False,False,False,False
919364.0,41,0,41,0,0,0,41,,,1.0,False,False,False,False
919370.0,24,0,24,0,0,0,24,,,1.0,False,False,False,False
919372.0,26,0,26,0,0,0,26,,,1.0,False,False,False,False
919374.0,28,0,28,0,0,0,28,,,1.0,False,False,False,False
919376.0,23,0,23,0,0,0,23,,,1.0,False,False,False,False
919378.0,16,0,16,0,0,0,16,,,1.0,False,False,False,False
919382.0,23,0,23,0,0,0,23,,,1.0,False,False,False,False
919390.0,14,0,14,0,0,0,14,,,1.0,False,False,False,False
919418.0,1,0,1,0,0,0,1,,,1.0,False,False,False,False
919456.0,24,0,24,0,0,0,24,,,1.0,False,False,False,False
919464.0,25,0,25,0,0,0,25,,,1.0,False,False,False,False
919476.0,28,0,28,0,0,0,28,,,1.0,False,False,False,False
919482.0,22,0,22,0,0,0,22,,,1.0,False,False,False,False
919490.0,25,0,25,0,0,0,25,,,1.0,False,False,False,False
919504.0,24,0,24,0,0,0,24,,,1.0,False,False,False,False
919536.0,7,2,5,0,58,2,5,29.0,0.0,0.7142857142857143,False,False,False,False
919552.0,106,66,40,1,135795,65,40,2089.153846153846,0.015151515151515152,0.37735849056603776,False,True,False,False
919554.0,84,76,8,11,112449,65,8,1729.9846153846154,0.14473684210526316,0.09523809523809523,True,True,True,True
919790.0,74,61,13,0,105088,61,13,1722.7540983606557,0.0,0.17567567567567569,False,True,True,True
919792.0,95,57,38,1,62408,56,38,1114.4285714285713,0.017543859649122806,0.4,False,True,False,False
919794.0,42,32,10,1,88517,31,10,2855.3870967741937,0.03125,0.23809523809523808,False,True,True,True
919896.0,4,4,0,1,462,3,0,154.0,0.25,0.0,True,False,True,True
919906.0,34,0,34,0,0,0,34,,,1.0,False,False,False,False
919910.0,24,0,24,0,0,0,24,,,1.0,False,False,False,False
919956.0,12,12,0,0,209,12,0,17.416666666666668,0.0,0.0,False,False,True,False
919958.0,1,1,0,0,38,1,0,38.0,0.0,0.0,False,False,True,False
919994.0,12,12,0,0,1856,12,0,154.66666666666666,0.0,0.0,False,False,True,False
920146.0,34,0,34,0,0,0,34,,,1.0,False,False,False,False
920414.0,20,0,20,0,0,0,20,,,1.0,False,False,False,False
920416.0,27,0,27,0,0,0,27,,,1.0,False,False,False,False
920666.0,100,41,59,1,35733,40,59,893.325,0.024390243902439025,0.59,False,False,False,False
920706.0,70,27,43,3,4959,24,43,206.625,0.1111111111111111,0.6142857142857143,False,False,False,False
920720.0,95,35,60,0,13016,35,60,371.8857142857143,0.0,0.631578947368421,False,False,False,False
920726.0,50,22,28,1,6457,21,28,307.4761904761905,0.045454545454545456,0.56,False,False,False,False
920728.0,73,37,36,3,26310,34,36,773.8235294117648,0.08108108108108109,0.4931506849315068,False,False,False,False
920732.0,62,24,38,0,16645,24,38,693.5416666666666,0.0,0.6129032258064516,False,False,False,False
920838.0,73,24,49,0,6414,24,49,267.25,0.0,0.6712328767123288,False,False,False,False
920852.0,101,40,61,2,14306,38,61,376.4736842105263,0.05,0.6039603960396039,False,False,False,False
920874.0,19,19,0,0,4459,19,0,234.68421052631578,0.0,0.0,False,False,True,False
920902.0,33,24,9,1,4435,23,9,192.82608695652175,0.041666666666666664,0.2727272727272727,False,False,True,False
920928.0,9,0,9,0,0,0,9,,,1.0,False,False,False,False
920930.0,1,1,0,0,21,1,0,21.0,0.0,0.0,False,False,True,False
920982.0,27,27,0,0,6980,27,0,258.51851851851853,0.0,0.0,False,False,True,False
921062.0,37,34,3,0,10807,34,3,317.8529411764706,0.0,0.08108108108108109,False,False,True,False
921102.0,19,9,10,0,1468,9,10,163.11111111111111,0.0,0.5263157894736842,False,False,False,False
921104.0,7,4,3,0,484,4,3,121.0,0.0,0.42857142857142855,False,False,False,False
921116.0,50,0,50,0,0,0,50,,,1.0,False,False,False,False
921306.0,126,47,79,4,36586,43,79,850.8372093023256,0.0851063829787234,0.626984126984127,False,False,False,False
921316.0,37,0,37,0,0,0,37,,,1.0,False,False,False,False
921318.0,151,55,96,6,218013,49,96,4449.244897959184,0.10909090909090909,0.6357615894039735,False,True,False,False
921320.0,60,21,39,1,8207,20,39,410.35,0.047619047619047616,0.65,False,False,False,False
921574.0,22,0,22,0,0,0,22,,,1.0,False,False,False,False
921584.0,27,0,27,0,0,0,27,,,1.0,False,False,False,False
921592.0,24,0,24,0,0,0,24,,,1.0,False,False,False,False
921594.0,18,0,18,0,0,0,18,,,1.0,False,False,False,False
921596.0,22,0,22,0,0,0,22,,,1.0,False,False,False,False
921814.0,22,5,17,1,3722,4,17,930.5,0.2,0.7727272727272727,True,False,False,False
921818.0,197,70,127,9,150377,61,127,2465.1967213114754,0.12857142857142856,0.6446700507614214,True,True,False,True
922114.0,7,1,6,0,14,1,6,14.0,0.0,0.8571428571428571,False,False,False,False
922142.0,104,0,104,0,0,0,104,,,1.0,False,False,False,False
922154.0,2,2,0,0,100,2,0,50.0,0.0,0.0,False,False,True,False
922356.0,9,9,0,0,2990,9,0,332.22222222222223,0.0,0.0,False,False,True,False
922428.0,68,16,52,0,3428,16,52,214.25,0.0,0.7647058823529411,False,False,False,False
922474.0,63,16,47,0,4935,16,47,308.4375,0.0,0.746031746031746,False,False,False,False
922476.0,42,0,42,0,0,0,42,,,1.0,False,False,False,False
922486.0,5,1,4,0,263,1,4,263.0,0.0,0.8,False,False,False,False
922698.0,7,2,5,0,99,2,5,49.5,0.0,0.7142857142857143,False,False,False,False
922710.0,24,0,24,0,0,0,24,,,1.0,False,False,False,False
923250.0,19,0,19,0,0,0,19,,,1.0,False,False,False,False
923254.0,4,1,3,0,55,1,3,55.0,0.0,0.75,False,False,False,False
923526.0,183,63,120,2,60849,61,120,997.5245901639345,0.031746031746031744,0.6557377049180327,False,True,False,False
923528.0,126,48,78,2,7436,46,78,161.65217391304347,0.041666666666666664,0.6190476190476191,False,False,False,False
923646.0,1,1,0,0,14,1,0,14.0,0.0,0.0,False,False,True,False
923666.0,33,0,33,0,0,0,33,,,1.0,False,False,False,False
923744.0,1,1,0,0,55,1,0,55.0,0.0,0.0,False,False,True,False
923944.0,28,28,0,0,2108,28,0,75.28571428571429,0.0,0.0,False,False,True,False
924356.0,67,0,67,0,0,0,67,,,1.0,False,False,False,False
924370.0,11,0,11,0,0,0,11,,,1.0,False,False,False,False
924544.0,44,34,10,0,9955,34,10,292.79411764705884,0.0,0.22727272727272727,False,False,True,False
924546.0,54,23,31,1,11322,22,31,514.6363636363636,0.043478260869565216,0.5740740740740741,False,False,False,False
924572.0,1,0,1,0,0,0,1,,,1.0,False,False,False,False
924614.0,6,4,2,0,233,4,2,58.25,0.0,0.3333333333333333,False,False,True,False
924662.0,1,1,0,0,28,1,0,28.0,0.0,0.0,False,False,True,False
924928.0,43,15,28,1,3474,14,28,248.14285714285714,0.06666666666666667,0.6511627906976745,False,False,False,False
924930.0,84,13,71,1,3293,12,71,274.4166666666667,0.07692307692307693,0.8452380952380952,False,False,False,False
924932.0,23,3,20,0,259,3,20,86.33333333333333,0.0,0.8695652173913043,False,False,False,False
924934.0,101,3,98,0,1026,3,98,342.0,0.0,0.9702970297029703,False,False,False,False
924936.0,6,6,0,1,482,5,0,96.4,0.16666666666666666,0.0,True,False,True,True
924940.0,69,6,63,0,1180,6,63,196.66666666666666,0.0,0.9130434782608695,False,False,False,False
924946.0,25,5,20,0,1022,5,20,204.4,0.0,0.8,False,False,False,False
924948.0,91,12,79,1,2225,11,79,202.27272727272728,0.08333333333333333,0.8681318681318682,False,False,False,False
924950.0,107,17,90,0,3735,17,90,219.7058823529412,0.0,0.8411214953271028,False,False,False,False
924952.0,57,11,46,0,3164,11,46,287.6363636363636,0.0,0.8070175438596491,False,False,False,False
924954.0,58,13,45,1,4041,12,45,336.75,0.07692307692307693,0.7758620689655172,False,False,False,False
924956.0,46,19,27,0,3207,19,27,168.78947368421052,0.0,0.5869565217391305,False,False,False,False
924958.0,97,17,80,0,2413,17,80,141.94117647058823,0.0,0.8247422680412371,False,False,False,False
924960.0,134,31,103,1,5717,30,103,190.56666666666666,0.03225806451612903,0.7686567164179104,False,False,False,False
925104.0,167,58,109,0,83410,58,109,1438.103448275862,0.0,0.6526946107784432,False,True,False,False
925106.0,15,15,0,0,1034,15,0,68.93333333333334,0.0,0.0,False,False,True,False
925134.0,2,0,2,0,0,0,2,,,1.0,False,False,False,False
925808.0,9,9,0,0,691,9,0,76.77777777777777,0.0,0.0,False,False,True,False
925826.0,110,37,73,1,27088,36,73,752.4444444444445,0.02702702702702703,0.6636363636363637,False,False,False,False
925828.0,100,34,66,0,28991,34,66,852.6764705882352,0.0,0.66,False,False,False,False
925922.0,73,27,46,8,32674,19,46,1719.6842105263158,0.2962962962962963,0.6301369863013698,True,True,False,True
926184.0,27,15,12,0,4806,15,12,320.4,0.0,0.4444444444444444,False,False,False,False
926214.0,1,1,0,0,277,1,0,277.0,0.0,0.0,False,False,True,False
926312.0,52,9,43,0,2468,9,43,274.22222222222223,0.0,0.8269230769230769,False,False,False,False
926486.0,98,11,87,0,780,11,87,70.9090909090909,0.0,0.8877551020408163,False,False,False,False
926490.0,51,9,42,1,627,8,42,78.375,0.1111111111111111,0.8235294117647058,False,False,False,False
926872.0,19,13,6,1,2128,12,6,177.33333333333334,0.07692307692307693,0.3157894736842105,False,False,True,False
927070.0,20,20,0,0,5019,20,0,250.95,0.0,0.0,False,False,True,False
927142.0,7,4,3,0,2372,4,3,593.0,0.0,0.42857142857142855,False,False,False,False
927908.0,3,3,0,0,898,3,0,299.3333333333333,0.0,0.0,False,False,True,False
927910.0,9,9,0,1,2355,8,0,294.375,0.1111111111111111,0.0,False,False,True,False
927912.0,8,8,0,1,2540,7,0,362.85714285714283,0.125,0.0,True,False,True,True
927916.0,60,18,42,0,8359,18,42,464.3888888888889,0.0,0.7,False,False,False,False
928022.0,2,2,0,0,148,2,0,74.0,0.0,0.0,False,False,True,False
928092.0,3,3,0,0,173,3,0,57.666666666666664,0.0,0.0,False,False,True,False
928142.0,7,7,0,0,170,7,0,24.285714285714285,0.0,0.0,False,False,True,False
928202.0,14,14,0,0,6019,14,0,429.92857142857144,0.0,0.0,False,False,True,False
928228.0,4,0,4,0,0,0,4,,,1.0,False,False,False,False
928282.0,2,0,2,0,0,0,2,,,1.0,False,False,False,False
928284.0,1,0,1,0,0,0,1,,,1.0,False,False,False,False
928312.0,97,14,83,0,2009,14,83,143.5,0.0,0.8556701030927835,False,False,False,False
928382.0,15,7,8,1,203,6,8,33.833333333333336,0.14285714285714285,0.5333333333333333,True,False,False,False
928404.0,3,3,0,0,286,3,0,95.33333333333333,0.0,0.0,False,False,True,False
928518.0,6,0,6,0,0,0,6,,,1.0,False,False,False,False
928886.0,94,25,69,1,5379,24,69,224.125,0.04,0.7340425531914894,False,False,False,False
928888.0,107,35,72,1,28250,34,72,830.8823529411765,0.02857142857142857,0.6728971962616822,False,False,False,False
928926.0,6,1,5,0,86,1,5,86.0,0.0,0.8333333333333334,False,False,False,False
929228.0,33,1,32,0,1,1,32,1.0,0.0,0.9696969696969697,False,False,False,False
929332.0,16,16,0,0,10256,16,0,641.0,0.0,0.0,False,False,True,False
929340.0,6,6,0,0,1416,6,0,236.0,0.0,0.0,False,False,True,False
929424.0,127,49,78,3,16092,46,78,349.82608695652175,0.061224489795918366,0.6141732283464567,False,False,False,False
929426.0,62,0,62,0,0,0,62,,,1.0,False,False,False,False
929428.0,65,0,65,0,0,0,65,,,1.0,False,False,False,False
929542.0,2,0,2,0,0,0,2,,,1.0,False,False,False,False
929544.0,13,0,13,0,0,0,13,,,1.0,False,False,False,False
929622.0,11,8,3,0,1565,8,3,195.625,0.0,0.2727272727272727,False,False,True,False
929626.0,30,18,12,0,2725,18,12,151.38888888888889,0.0,0.4,False,False,False,False
929876.0,61,19,42,1,2578,18,42,143.22222222222223,0.05263157894736842,0.6885245901639344,False,False,False,False
929884.0,25,11,14,0,1149,11,14,104.45454545454545,0.0,0.56,False,False,False,False
930020.0,99,29,70,5,5149,24,70,214.54166666666666,0.1724137931034483,0.7070707070707071,True,False,False,False
930186.0,19,4,15,0,923,4,15,230.75,0.0,0.7894736842105263,False,False,False,False
930242.0,4,4,0,1,297,3,0,99.0,0.25,0.0,True,False,True,True
930264.0,3,3,0,0,399,3,0,133.0,0.0,0.0,False,False,True,False
930326.0,9,8,1,0,727,8,1,90.875,0.0,0.1111111111111111,False,False,True,False
930510.0,4,2,2,0,9,2,2,4.5,0.0,0.5,False,False,False,False
930524.0,8,0,8,0,0,0,8,,,1.0,False,False,False,False
930582.0,1,1,0,0,62,1,0,62.0,0.0,0.0,False,False,True,False
930586.0,51,0,51,0,0,0,51,,,1.0,False,False,False,False
930590.0,26,0,26,0,0,0,26,,,1.0,False,False,False,False
930594.0,28,1,27,0,589,1,27,589.0,0.0,0.9642857142857143,False,False,False,False
930660.0,12,2,10,0,1429,2,10,714.5,0.0,0.8333333333333334,False,False,False,False
930662.0,11,0,11,0,0,0,11,,,1.0,False,False,False,False
930690.0,5,2,3,0,43,2,3,21.5,0.0,0.6,False,False,False,False
930692.0,1,0,1,0,0,0,1,,,1.0,False,False,False,False
930814.0,11,9,2,0,1206,9,2,134.0,0.0,0.18181818181818182,False,False,True,False
930816.0,5,4,1,0,567,4,1,141.75,0.0,0.2,False,False,True,False
930818.0,3,3,0,0,423,3,0,141.0,0.0,0.0,False,False,True,False
930820.0,6,5,1,0,342,5,1,68.4,0.0,0.16666666666666666,False,False,True,False
930908.0,43,22,21,0,3133,22,21,142.4090909090909,0.0,0.4883720930232558,False,False,False,False
930910.0,10,1,9,0,23,1,9,23.0,0.0,0.9,False,False,False,False
930912.0,18,0,18,0,0,0,18,,,1.0,False,False,False,False
930914.0,59,0,59,0,0,0,59,,,1.0,False,False,False,False
931458.0,140,52,88,10,175087,42,88,4168.738095238095,0.19230769230769232,0.6285714285714286,True,True,False,True
931914.0,18,18,0,0,3325,18,0,184.72222222222223,0.0,0.0,False,False,True,False
932050.0,13,0,13,0,0,0,13,,,1.0,False,False,False,False
932088.0,3,0,3,0,0,0,3,,,1.0,False,False,False,False
932246.0,1,0,1,0,0,0,1,,,1.0,False,False,False,False
932292.0,32,4,28,0,179,4,28,44.75,0.0,0.875,False,False,False,False
932304.0,19,2,17,0,56,2,17,28.0,0.0,0.8947368421052632,False,False,False,False
932460.0,15,15,0,1,3139,14,0,224.21428571428572,0.06666666666666667,0.0,False,False,True,False
932498.0,15,1,14,0,78,1,14,78.0,0.0,0.9333333333333333,False,False,False,False
932500.0,50,6,44,0,1792,6,44,298.6666666666667,0.0,0.88,False,False,False,False
932502.0,34,4,30,0,390,4,30,97.5,0.0,0.8823529411764706,False,False,False,False
932672.0,3,3,0,0,683,3,0,227.66666666666666,0.0,0.0,False,False,True,False
932676.0,2,0,2,0,0,0,2,,,1.0,False,False,False,False
932750.0,13,5,8,0,2371,5,8,474.2,0.0,0.6153846153846154,False,False,False,False
932754.0,5,2,3,0,54,2,3,27.0,0.0,0.6,False,False,False,False
932798.0,34,26,8,1,9885,25,8,395.4,0.038461538461538464,0.23529411764705882,False,False,True,False
932836.0,94,11,83,0,1696,11,83,154.1818181818182,0.0,0.8829787234042553,False,False,False,False
932856.0,2,0,2,0,0,0,2,,,1.0,False,False,False,False
933070.0,16,6,10,1,8719,5,10,1743.8,0.16666666666666666,0.625,True,True,False,True
933244.0,10,2,8,0,43,2,8,21.5,0.0,0.8,False,False,False,False
933452.0,4,0,4,0,0,0,4,,,1.0,False,False,False,False
933804.0,14,14,0,0,1331,14,0,95.07142857142857,0.0,0.0,False,False,True,False
933806.0,46,0,46,0,0,0,46,,,1.0,False,False,False,False
933810.0,17,0,17,0,0,0,17,,,1.0,False,False,False,False
933832.0,16,16,0,0,2012,16,0,125.75,0.0,0.0,False,False,True,False
933986.0,14,8,6,1,1271,7,6,181.57142857142858,0.125,0.42857142857142855,True,False,False,False
933996.0,12,4,8,0,191,4,8,47.75,0.0,0.6666666666666666,False,False,False,False
934000.0,7,5,2,0,359,5,2,71.8,0.0,0.2857142857142857,False,False,True,False
934074.0,19,19,0,1,4919,18,0,273.27777777777777,0.05263157894736842,0.0,False,False,True,False
934076.0,7,7,0,1,216,6,0,36.0,0.14285714285714285,0.0,True,False,True,True
934098.0,5,5,0,2,45,3,0,15.0,0.4,0.0,True,False,True,True
934170.0,5,5,0,0,619,5,0,123.8,0.0,0.0,False,False,True,False
934188.0,5,3,2,0,207,3,2,69.0,0.0,0.4,False,False,False,False
934424.0,5,5,0,0,239,5,0,47.8,0.0,0.0,False,False,True,False
934426.0,5,0,5,0,0,0,5,,,1.0,False,False,False,False
934428.0,21,21,0,0,5274,21,0,251.14285714285714,0.0,0.0,False,False,True,False
934430.0,22,22,0,1,4540,21,0,216.1904761904762,0.045454545454545456,0.0,False,False,True,False
934432.0,6,6,0,0,967,6,0,161.16666666666666,0.0,0.0,False,False,True,False
934476.0,3,1,2,0,9,1,2,9.0,0.0,0.6666666666666666,False,False,False,False
934534.0,38,38,0,2,8481,36,0,235.58333333333334,0.05263157894736842,0.0,False,False,True,False
934608.0,7,7,0,0,867,7,0,123.85714285714286,0.0,0.0,False,False,True,False
935216.0,19,2,17,0,20,2,17,10.0,0.0,0.8947368421052632,False,False,False,False
935244.0,8,1,7,0,57,1,7,57.0,0.0,0.875,False,False,False,False
935246.0,3,0,3,0,0,0,3,,,1.0,False,False,False,False
935264.0,8,2,6,0,129,2,6,64.5,0.0,0.75,False,False,False,False
935268.0,4,4,0,0,129,4,0,32.25,0.0,0.0,False,False,True,False
935348.0,82,22,60,1,17397,21,60,828.4285714285714,0.045454545454545456,0.7317073170731707,False,False,False,False
935394.0,1,1,0,0,130,1,0,130.0,0.0,0.0,False,False,True,False
935548.0,15,12,3,0,1404,12,3,117.0,0.0,0.2,False,False,True,False
935870.0,7,7,0,0,265,7,0,37.857142857142854,0.0,0.0,False,False,True,False
935956.0,3,2,1,0,86,2,1,43.0,0.0,0.3333333333333333,False,False,True,False
935958.0,20,20,0,1,5827,19,0,306.6842105263158,0.05,0.0,False,False,True,False
936110.0,41,41,0,0,17408,41,0,424.5853658536585,0.0,0.0,False,False,True,False
936296.0,3,0,3,0,0,0,3,,,1.0,False,False,False,False
936324.0,34,12,22,0,2657,12,22,221.41666666666666,0.0,0.6470588235294118,False,False,False,False
936382.0,38,1,37,0,78,1,37,78.0,0.0,0.9736842105263158,False,False,False,False
936514.0,34,34,0,1,8896,33,0,269.57575757575756,0.029411764705882353,0.0,False,False,True,False
936984.0,32,32,0,0,6823,32,0,213.21875,0.0,0.0,False,False,True,False
937156.0,19,0,19,0,0,0,19,,,1.0,False,False,False,False
937352.0,12,0,12,0,0,0,12,,,1.0,False,False,False,False
937362.0,5,2,3,0,613,2,3,306.5,0.0,0.6,False,False,False,False
937366.0,4,2,2,0,286,2,2,143.0,0.0,0.5,False,False,False,False
937368.0,17,13,4,2,1180,11,4,107.27272727272727,0.15384615384615385,0.23529411764705882,True,False,True,True
937370.0,4,1,3,0,33,1,3,33.0,0.0,0.75,False,False,False,False
937372.0,23,0,23,0,0,0,23,,,1.0,False,False,False,False
937374.0,16,16,0,0,2262,16,0,141.375,0.0,0.0,False,False,True,False
937422.0,13,0,13,0,0,0,13,,,1.0,False,False,False,False
937428.0,4,0,4,0,0,0,4,,,1.0,False,False,False,False
937430.0,10,0,10,0,0,0,10,,,1.0,False,False,False,False
937432.0,8,3,5,1,50,2,5,25.0,0.3333333333333333,0.625,True,False,False,False
937604.0,36,5,31,0,703,5,31,140.6,0.0,0.8611111111111112,False,False,False,False
937650.0,6,0,6,0,0,0,6,,,1.0,False,False,False,False
937678.0,63,12,51,0,2482,12,51,206.83333333333334,0.0,0.8095238095238095,False,False,False,False
937708.0,92,32,60,0,25827,32,60,807.09375,0.0,0.6521739130434783,False,False,False,False
937710.0,1,0,1,0,0,0,1,,,1.0,False,False,False,False
937716.0,1,0,1,0,0,0,1,,,1.0,False,False,False,False
937720.0,1,0,1,0,0,0,1,,,1.0,False,False,False,False
937732.0,83,34,49,2,13823,32,49,431.96875,0.058823529411764705,0.5903614457831325,False,False,False,False
937736.0,91,34,57,2,25897,32,57,809.28125,0.058823529411764705,0.6263736263736264,False,False,False,False
937742.0,14,11,3,0,912,11,3,82.9090909090909,0.0,0.21428571428571427,False,False,True,False
937750.0,31,14,17,1,7337,13,17,564.3846153846154,0.07142857142857142,0.5483870967741935,False,False,False,False
937752.0,98,38,60,0,52669,38,60,1386.0263157894738,0.0,0.6122448979591837,False,True,False,False
937760.0,95,35,60,1,20519,34,60,603.5,0.02857142857142857,0.631578947368421,False,False,False,False
937762.0,92,33,59,1,7847,32,59,245.21875,0.030303030303030304,0.6413043478260869,False,False,False,False
937770.0,1,0,1,0,0,0,1,,,1.0,False,False,False,False
937772.0,1,0,1,0,0,0,1,,,1.0,False,False,False,False
937774.0,30,12,18,0,11244,12,18,937.0,0.0,0.6,False,False,False,False
937778.0,1,0,1,0,0,0,1,,,1.0,False,False,False,False
937780.0,95,36,59,2,17892,34,59,526.2352941176471,0.05555555555555555,0.6210526315789474,False,False,False,False
937782.0,38,16,22,0,1720,16,22,107.5,0.0,0.5789473684210527,False,False,False,False
937786.0,7,2,5,0,344,2,5,172.0,0.0,0.7142857142857143,False,False,False,False
937788.0,81,27,54,0,10632,27,54,393.77777777777777,0.0,0.6666666666666666,False,False,False,False
937808.0,87,30,57,1,12866,29,57,443.6551724137931,0.03333333333333333,0.6551724137931034,False,False,False,False
937810.0,88,31,57,0,8152,31,57,262.96774193548384,0.0,0.6477272727272727,False,False,False,False
937812.0,80,30,50,1,20790,29,50,716.8965517241379,0.03333333333333333,0.625,False,False,False,False
937854.0,97,31,66,0,14824,31,66,478.19354838709677,0.0,0.6804123711340206,False,False,False,False
937856.0,26,7,19,0,834,7,19,119.14285714285714,0.0,0.7307692307692307,False,False,False,False
937860.0,81,36,45,3,31456,33,45,953.2121212121212,0.08333333333333333,0.5555555555555556,False,False,False,False
937862.0,85,29,56,0,20442,29,56,704.8965517241379,0.0,0.6588235294117647,False,False,False,False
937864.0,27,18,9,1,4403,17,9,259.0,0.05555555555555555,0.3333333333333333,False,False,True,False
937868.0,74,23,51,1,5379,22,51,244.5,0.043478260869565216,0.6891891891891891,False,False,False,False
937870.0,4,0,4,0,0,0,4,,,1.0,False,False,False,False
937872.0,1,0,1,0,0,0,1,,,1.0,False,False,False,False
937874.0,16,6,10,1,2734,5,10,546.8,0.16666666666666666,0.625,True,False,False,False
937880.0,5,5,0,0,327,5,0,65.4,0.0,0.0,False,False,True,False
937888.0,96,35,61,0,21340,35,61,609.7142857142857,0.0,0.6354166666666666,False,False,False,False
937898.0,5,2,3,1,2017,1,3,2017.0,0.5,0.6,True,True,False,True
937900.0,2,0,2,0,0,0,2,,,1.0,False,False,False,False
937902.0,91,30,61,1,27680,29,61,954.4827586206897,0.03333333333333333,0.6703296703296703,False,False,False,False
937956.0,60,59,1,8,89186,51,1,1748.7450980392157,0.13559322033898305,0.016666666666666666,True,True,True,True
937958.0,53,53,0,5,34856,48,0,726.1666666666666,0.09433962264150944,0.0,False,False,True,False
937960.0,47,47,0,2,29564,45,0,656.9777777777778,0.0425531914893617,0.0,False,False,True,False
937962.0,37,37,0,3,13491,34,0,396.79411764705884,0.08108108108108109,0.0,False,False,True,False
937966.0,92,32,60,2,21704,30,60,723.4666666666667,0.0625,0.6521739130434783,False,False,False,False
937980.0,50,20,30,0,8413,20,30,420.65,0.0,0.6,False,False,False,False
937984.0,26,9,17,0,410,9,17,45.55555555555556,0.0,0.6538461538461539,False,False,False,False
937988.0,67,25,42,0,9295,25,42,371.8,0.0,0.6268656716417911,False,False,False,False
938022.0,16,5,11,0,371,5,11,74.2,0.0,0.6875,False,False,False,False
938070.0,8,0,8,0,0,0,8,,,1.0,False,False,False,False
938072.0,8,0,8,0,0,0,8,,,1.0,False,False,False,False
938074.0,10,0,10,0,0,0,10,,,1.0,False,False,False,False
938078.0,11,0,11,0,0,0,11,,,1.0,False,False,False,False
938080.0,8,0,8,0,0,0,8,,,1.0,False,False,False,False
938414.0,28,9,19,2,14002,7,19,2000.2857142857142,0.2222222222222222,0.6785714285714286,True,True,False,True
938432.0,6,6,0,0,1335,6,0,222.5,0.0,0.0,False,False,True,False
938612.0,37,17,20,0,7010,17,20,412.3529411764706,0.0,0.5405405405405406,False,False,False,False
938614.0,23,13,10,1,2148,12,10,179.0,0.07692307692307693,0.43478260869565216,False,False,False,False
938842.0,12,0,12,0,0,0,12,,,1.0,False,False,False,False
938896.0,138,47,91,5,74216,42,91,1767.047619047619,0.10638297872340426,0.6594202898550725,False,True,False,False
939212.0,14,7,7,0,662,7,7,94.57142857142857,0.0,0.5,False,False,False,False
939218.0,58,9,49,0,1428,9,49,158.66666666666666,0.0,0.8448275862068966,False,False,False,False
939222.0,81,21,60,0,3185,21,60,151.66666666666666,0.0,0.7407407407407407,False,False,False,False
939224.0,71,15,56,1,1402,14,56,100.14285714285714,0.06666666666666667,0.7887323943661971,False,False,False,False
939236.0,3,0,3,0,0,0,3,,,1.0,False,False,False,False
939370.0,72,44,28,4,66520,40,28,1663.0,0.09090909090909091,0.3888888888888889,False,True,False,False
939376.0,93,30,63,1,72588,29,63,2503.0344827586205,0.03333333333333333,0.6774193548387096,False,True,False,False
939470.0,30,7,23,0,1890,7,23,270.0,0.0,0.7666666666666667,False,False,False,False
939474.0,62,20,42,0,32616,20,42,1630.8,0.0,0.6774193548387096,False,True,False,False
939476.0,35,7,28,1,2693,6,28,448.8333333333333,0.14285714285714285,0.8,True,False,False,False
939478.0,43,12,31,1,528,11,31,48.0,0.08333333333333333,0.7209302325581395,False,False,False,False
939684.0,40,10,30,0,1356,10,30,135.6,0.0,0.75,False,False,False,False
939698.0,3,2,1,0,37,2,1,18.5,0.0,0.3333333333333333,False,False,True,False
939706.0,68,33,35,4,36462,29,35,1257.3103448275863,0.12121212121212122,0.5147058823529411,False,True,False,False
939708.0,9,7,2,1,487,6,2,81.16666666666667,0.14285714285714285,0.2222222222222222,True,False,True,True
939716.0,12,2,10,0,783,2,10,391.5,0.0,0.8333333333333334,False,False,False,False
939718.0,4,0,4,0,0,0,4,,,1.0,False,False,False,False
939736.0,8,0,8,0,0,0,8,,,1.0,False,False,False,False
939738.0,60,0,60,0,0,0,60,,,1.0,False,False,False,False
939762.0,129,41,88,0,53481,41,88,1304.4146341463415,0.0,0.6821705426356589,False,True,False,False
939886.0,45,0,45,0,0,0,45,,,1.0,False,False,False,False
940430.0,27,25,2,1,6194,24,2,258.0833333333333,0.04,0.07407407407407407,False,False,True,False
940432.0,44,17,27,0,15389,17,27,905.2352941176471,0.0,0.6136363636363636,False,False,False,False
940434.0,62,21,41,0,16738,21,41,797.047619047619,0.0,0.6612903225806451,False,False,False,False
940436.0,14,9,5,0,2889,9,5,321.0,0.0,0.35714285714285715,False,False,False,False
940438.0,72,22,50,0,5587,22,50,253.95454545454547,0.0,0.6944444444444444,False,False,False,False
940440.0,24,16,8,0,6252,16,8,390.75,0.0,0.3333333333333333,False,False,True,False
940442.0,72,27,45,2,16330,25,45,653.2,0.07407407407407407,0.625,False,False,False,False
940456.0,36,15,21,0,1204,15,21,80.26666666666667,0.0,0.5833333333333334,False,False,False,False
940458.0,43,19,24,0,1506,19,24,79.26315789473684,0.0,0.5581395348837209,False,False,False,False
940460.0,29,0,29,0,0,0,29,,,1.0,False,False,False,False
940474.0,15,0,15,0,0,0,15,,,1.0,False,False,False,False
940486.0,6,0,6,0,0,0,6,,,1.0,False,False,False,False
940508.0,2,2,0,0,148,2,0,74.0,0.0,0.0,False,False,True,False
940512.0,1,1,0,0,1,1,0,1.0,0.0,0.0,False,False,True,False
940514.0,1,1,0,0,6,1,0,6.0,0.0,0.0,False,False,True,False
940568.0,6,2,4,0,246,2,4,123.0,0.0,0.6666666666666666,False,False,False,False
940588.0,68,52,16,15,187675,37,16,5072.2972972972975,0.28846153846153844,0.23529411764705882,True,True,True,True
940596.0,15,1,14,0,96,1,14,96.0,0.0,0.9333333333333333,False,False,False,False
940610.0,2,1,1,0,78,1,1,78.0,0.0,0.5,False,False,False,False
940614.0,28,11,17,3,8191,8,17,1023.875,0.2727272727272727,0.6071428571428571,True,True,False,True
940616.0,78,31,47,5,44893,26,47,1726.6538461538462,0.16129032258064516,0.6025641025641025,True,True,False,True
940622.0,59,28,31,10,33557,18,31,1864.2777777777778,0.35714285714285715,0.5254237288135594,True,True,False,True
940624.0,79,34,45,3,59707,31,45,1926.032258064516,0.08823529411764706,0.569620253164557,False,True,False,False
940630.0,61,49,12,11,180560,38,12,4751.578947368421,0.22448979591836735,0.19672131147540983,True,True,True,True
940634.0,67,30,37,6,40431,24,37,1684.625,0.2,0.5522388059701493,True,True,False,True
940652.0,55,28,27,7,21174,21,27,1008.2857142857143,0.25,0.4909090909090909,True,True,False,True
940658.0,84,37,47,6,72097,31,47,2325.7096774193546,0.16216216216216217,0.5595238095238095,True,True,False,True
940772.0,1,1,0,0,306,1,0,306.0,0.0,0.0,False,False,True,False
940782.0,4,0,4,0,0,0,4,,,1.0,False,False,False,False
940788.0,7,0,7,0,0,0,7,,,1.0,False,False,False,False
940802.0,4,0,4,0,0,0,4,,,1.0,False,False,False,False
940814.0,2,0,2,0,0,0,2,,,1.0,False,False,False,False
940828.0,4,1,3,0,55,1,3,55.0,0.0,0.75,False,False,False,False
940842.0,2,0,2,0,0,0,2,,,1.0,False,False,False,False
940848.0,2,0,2,0,0,0,2,,,1.0,False,False,False,False
940952.0,32,13,19,0,1206,13,19,92.76923076923077,0.0,0.59375,False,False,False,False
940968.0,13,13,0,0,3775,13,0,290.38461538461536,0.0,0.0,False,False,True,False
941192.0,52,0,52,0,0,0,52,,,1.0,False,False,False,False
941384.0,86,24,62,0,7936,24,62,330.6666666666667,0.0,0.7209302325581395,False,False,False,False
941390.0,7,1,6,0,65,1,6,65.0,0.0,0.8571428571428571,False,False,False,False
941628.0,11,1,10,0,99,1,10,99.0,0.0,0.9090909090909091,False,False,False,False
941736.0,4,0,4,0,0,0,4,,,1.0,False,False,False,False
941740.0,6,0,6,0,0,0,6,,,1.0,False,False,False,False
941786.0,1,1,0,0,309,1,0,309.0,0.0,0.0,False,False,True,False
941810.0,3,0,3,0,0,0,3,,,1.0,False,False,False,False
941816.0,1,0,1,0,0,0,1,,,1.0,False,False,False,False
941826.0,1,0,1,0,0,0,1,,,1.0,False,False,False,False
941838.0,4,0,4,0,0,0,4,,,1.0,False,False,False,False
941842.0,3,0,3,0,0,0,3,,,1.0,False,False,False,False
941844.0,10,4,6,1,110,3,6,36.666666666666664,0.25,0.6,True,False,False,False
942174.0,3,0,3,0,0,0,3,,,1.0,False,False,False,False
942214.0,2,2,0,0,76,2,0,38.0,0.0,0.0,False,False,True,False
943050.0,2,0,2,0,0,0,2,,,1.0,False,False,False,False
943066.0,58,16,42,0,8023,16,42,501.4375,0.0,0.7241379310344828,False,False,False,False
943818.0,6,1,5,0,118,1,5,118.0,0.0,0.8333333333333334,False,False,False,False
944210.0,34,19,15,0,14060,19,15,740.0,0.0,0.4411764705882353,False,False,False,False
944216.0,89,52,37,16,28058,36,37,779.3888888888889,0.3076923076923077,0.4157303370786517,True,False,False,False
944218.0,90,48,42,11,34602,37,42,935.1891891891892,0.22916666666666666,0.4666666666666667,True,False,False,False
944220.0,106,51,55,12,35980,39,55,922.5641025641025,0.23529411764705882,0.5188679245283019,True,False,False,False
944222.0,96,45,51,11,28607,34,51,841.3823529411765,0.24444444444444444,0.53125,True,False,False,False
944226.0,88,50,38,14,27067,36,38,751.8611111111111,0.28,0.4318181818181818,True,False,False,False
944228.0,13,10,3,0,4190,10,3,419.0,0.0,0.23076923076923078,False,False,True,False
944246.0,6,5,1,0,1478,5,1,295.6,0.0,0.16666666666666666,False,False,True,False
944310.0,2,2,0,0,252,2,0,126.0,0.0,0.0,False,False,True,False
944474.0,7,2,5,0,130,2,5,65.0,0.0,0.7142857142857143,False,False,False,False
944476.0,32,26,6,0,13959,26,6,536.8846153846154,0.0,0.1875,False,False,True,False
944560.0,4,3,1,0,66,3,1,22.0,0.0,0.25,False,False,True,False
944564.0,2,2,0,0,40,2,0,20.0,0.0,0.0,False,False,True,False
944644.0,50,14,36,0,2815,14,36,201.07142857142858,0.0,0.72,False,False,False,False
944646.0,72,24,48,1,23009,23,48,1000.3913043478261,0.041666666666666664,0.6666666666666666,False,True,False,False
944648.0,25,3,22,0,269,3,22,89.66666666666667,0.0,0.88,False,False,False,False
944764.0,45,21,24,2,33163,19,24,1745.421052631579,0.09523809523809523,0.5333333333333333,False,True,False,False
944766.0,27,12,15,1,13850,11,15,1259.090909090909,0.08333333333333333,0.5555555555555556,False,True,False,False
944808.0,30,30,0,0,26229,30,0,874.3,0.0,0.0,False,False,True,False
944908.0,2,2,0,0,3,2,0,1.5,0.0,0.0,False,False,True,False
945046.0,20,13,7,3,6575,10,7,657.5,0.23076923076923078,0.35,True,False,False,False
945052.0,19,9,10,1,7474,8,10,934.25,0.1111111111111111,0.5263157894736842,False,False,False,False
945058.0,3,2,1,0,45,2,1,22.5,0.0,0.3333333333333333,False,False,True,False
945074.0,1,0,1,0,0,0,1,,,1.0,False,False,False,False
945274.0,1,0,1,0,0,0,1,,,1.0,False,False,False,False
945278.0,44,0,44,0,0,0,44,,,1.0,False,False,False,False
945280.0,43,0,43,0,0,0,43,,,1.0,False,False,False,False
945282.0,56,0,56,0,0,0,56,,,1.0,False,False,False,False
945284.0,41,0,41,0,0,0,41,,,1.0,False,False,False,False
945286.0,62,0,62,0,0,0,62,,,1.0,False,False,False,False
945288.0,36,0,36,0,0,0,36,,,1.0,False,False,False,False
945290.0,64,0,64,0,0,0,64,,,1.0,False,False,False,False
945294.0,40,0,40,0,0,0,40,,,1.0,False,False,False,False
945296.0,71,0,71,0,0,0,71,,,1.0,False,False,False,False
945298.0,44,0,44,0,0,0,44,,,1.0,False,False,False,False
945302.0,70,0,70,0,0,0,70,,,1.0,False,False,False,False
945304.0,38,0,38,0,0,0,38,,,1.0,False,False,False,False
945308.0,31,0,31,0,0,0,31,,,1.0,False,False,False,False
945310.0,45,0,45,0,0,0,45,,,1.0,False,False,False,False
945312.0,50,0,50,0,0,0,50,,,1.0,False,False,False,False
945314.0,59,0,59,0,0,0,59,,,1.0,False,False,False,False
945316.0,61,0,61,0,0,0,61,,,1.0,False,False,False,False
945318.0,32,0,32,0,0,0,32,,,1.0,False,False,False,False
945320.0,38,0,38,0,0,0,38,,,1.0,False,False,False,False
945322.0,63,0,63,0,0,0,63,,,1.0,False,False,False,False
945324.0,49,0,49,0,0,0,49,,,1.0,False,False,False,False
945710.0,1,1,0,0,50,1,0,50.0,0.0,0.0,False,False,True,False
945728.0,8,0,8,0,0,0,8,,,1.0,False,False,False,False
945894.0,17,0,17,0,0,0,17,,,1.0,False,False,False,False
945898.0,1,0,1,0,0,0,1,,,1.0,False,False,False,False
945900.0,43,0,43,0,0,0,43,,,1.0,False,False,False,False
945902.0,38,0,38,0,0,0,38,,,1.0,False,False,False,False
945904.0,37,0,37,0,0,0,37,,,1.0,False,False,False,False
946020.0,1,1,0,0,5,1,0,5.0,0.0,0.0,False,False,True,False
946032.0,1,1,0,0,95,1,0,95.0,0.0,0.0,False,False,True,False
946072.0,2,1,1,0,175,1,1,175.0,0.0,0.5,False,False,False,False
946454.0,2,0,2,0,0,0,2,,,1.0,False,False,False,False
946468.0,1,1,0,0,18,1,0,18.0,0.0,0.0,False,False,True,False
946582.0,23,10,13,0,3821,10,13,382.1,0.0,0.5652173913043478,False,False,False,False
946916.0,11,11,0,0,1165,11,0,105.9090909090909,0.0,0.0,False,False,True,False
946988.0,4,2,2,0,119,2,2,59.5,0.0,0.5,False,False,False,False
947304.0,64,18,46,3,5868,15,46,391.2,0.16666666666666666,0.71875,True,False,False,False
947306.0,1,1,0,0,21,1,0,21.0,0.0,0.0,False,False,True,False
947480.0,4,0,4,0,0,0,4,,,1.0,False,False,False,False
947590.0,40,0,40,0,0,0,40,,,1.0,False,False,False,False
947592.0,30,0,30,0,0,0,30,,,1.0,False,False,False,False
947596.0,1,0,1,0,0,0,1,,,1.0,False,False,False,False
947598.0,40,0,40,0,0,0,40,,,1.0,False,False,False,False
947600.0,33,0,33,0,0,0,33,,,1.0,False,False,False,False
947604.0,46,1,45,0,85,1,45,85.0,0.0,0.9782608695652174,False,False,False,False
947610.0,14,2,12,0,61,2,12,30.5,0.0,0.8571428571428571,False,False,False,False
947612.0,37,1,36,0,784,1,36,784.0,0.0,0.972972972972973,False,False,False,False
947614.0,40,0,40,0,0,0,40,,,1.0,False,False,False,False
947616.0,46,0,46,0,0,0,46,,,1.0,False,False,False,False
947618.0,37,0,37,0,0,0,37,,,1.0,False,False,False,False
947620.0,47,0,47,0,0,0,47,,,1.0,False,False,False,False
947636.0,10,0,10,0,0,0,10,,,1.0,False,False,False,False
947638.0,43,1,42,0,124,1,42,124.0,0.0,0.9767441860465116,False,False,False,False
947640.0,27,0,27,0,0,0,27,,,1.0,False,False,False,False
947642.0,42,1,41,0,144,1,41,144.0,0.0,0.9761904761904762,False,False,False,False
947644.0,45,0,45,0,0,0,45,,,1.0,False,False,False,False
947646.0,35,0,35,0,0,0,35,,,1.0,False,False,False,False
947648.0,41,0,41,0,0,0,41,,,1.0,False,False,False,False
947650.0,45,0,45,0,0,0,45,,,1.0,False,False,False,False
947652.0,32,0,32,0,0,0,32,,,1.0,False,False,False,False
947654.0,40,0,40,0,0,0,40,,,1.0,False,False,False,False
947658.0,49,0,49,0,0,0,49,,,1.0,False,False,False,False
947816.0,20,6,14,0,707,6,14,117.83333333333333,0.0,0.7,False,False,False,False
947818.0,14,4,10,0,367,4,10,91.75,0.0,0.7142857142857143,False,False,False,False
947820.0,2,0,2,0,0,0,2,,,1.0,False,False,False,False
948150.0,8,3,5,0,832,3,5,277.3333333333333,0.0,0.625,False,False,False,False
948170.0,3,2,1,0,52,2,1,26.0,0.0,0.3333333333333333,False,False,True,False
948182.0,75,25,50,0,10465,25,50,418.6,0.0,0.6666666666666666,False,False,False,False
948282.0,1,1,0,0,60,1,0,60.0,0.0,0.0,False,False,True,False
948284.0,4,4,0,0,72,4,0,18.0,0.0,0.0,False,False,True,False
948286.0,37,37,0,5,17586,32,0,549.5625,0.13513513513513514,0.0,True,False,True,True
948288.0,10,10,0,1,1436,9,0,159.55555555555554,0.1,0.0,False,False,True,False
948524.0,4,4,0,0,165,4,0,41.25,0.0,0.0,False,False,True,False
948756.0,24,1,23,1,0,0,23,,1.0,0.9583333333333334,True,False,False,False
948758.0,47,8,39,1,2294,7,39,327.7142857142857,0.125,0.8297872340425532,True,False,False,False
949252.0,2,2,0,0,300,2,0,150.0,0.0,0.0,False,False,True,False
949420.0,5,4,1,0,957,4,1,239.25,0.0,0.2,False,False,True,False
950444.0,28,0,28,0,0,0,28,,,1.0,False,False,False,False
950632.0,1,1,0,0,25,1,0,25.0,0.0,0.0,False,False,True,False
950634.0,8,8,0,0,118,8,0,14.75,0.0,0.0,False,False,True,False
950640.0,1,1,0,0,184,1,0,184.0,0.0,0.0,False,False,True,False
950672.0,24,1,23,0,48,1,23,48.0,0.0,0.9583333333333334,False,False,False,False
950806.0,6,4,2,0,106,4,2,26.5,0.0,0.3333333333333333,False,False,True,False
950972.0,22,4,18,0,260,4,18,65.0,0.0,0.8181818181818182,False,False,False,False
951046.0,11,3,8,0,57,3,8,19.0,0.0,0.7272727272727273,False,False,False,False
951118.0,4,4,0,0,258,4,0,64.5,0.0,0.0,False,False,True,False
951186.0,17,12,5,0,8122,12,5,676.8333333333334,0.0,0.29411764705882354,False,False,True,False
951290.0,11,1,10,0,502,1,10,502.0,0.0,0.9090909090909091,False,False,False,False
951332.0,8,4,4,0,821,4,4,205.25,0.0,0.5,False,False,False,False
951408.0,13,0,13,0,0,0,13,,,1.0,False,False,False,False
951490.0,16,16,0,1,3638,15,0,242.53333333333333,0.0625,0.0,False,False,True,False
951492.0,59,14,45,0,4302,14,45,307.2857142857143,0.0,0.7627118644067796,False,False,False,False
951506.0,55,17,38,0,3863,17,38,227.23529411764707,0.0,0.6909090909090909,False,False,False,False
951508.0,75,33,42,10,28987,23,42,1260.304347826087,0.30303030303030304,0.56,True,True,False,True
951526.0,11,11,0,0,1035,11,0,94.0909090909091,0.0,0.0,False,False,True,False
951614.0,3,3,0,0,267,3,0,89.0,0.0,0.0,False,False,True,False
951648.0,4,0,4,0,0,0,4,,,1.0,False,False,False,False
951650.0,4,1,3,0,57,1,3,57.0,0.0,0.75,False,False,False,False
952114.0,17,1,16,0,6,1,16,6.0,0.0,0.9411764705882353,False,False,False,False
952116.0,9,0,9,0,0,0,9,,,1.0,False,False,False,False
952126.0,5,5,0,0,317,5,0,63.4,0.0,0.0,False,False,True,False
952196.0,4,2,2,0,84,2,2,42.0,0.0,0.5,False,False,False,False
952292.0,1,1,0,0,451,1,0,451.0,0.0,0.0,False,False,True,False
952392.0,44,0,44,0,0,0,44,,,1.0,False,False,False,False
952458.0,37,0,37,0,0,0,37,,,1.0,False,False,False,False
952460.0,23,0,23,0,0,0,23,,,1.0,False,False,False,False
952462.0,7,6,1,0,525,6,1,87.5,0.0,0.14285714285714285,False,False,True,False
952466.0,3,0,3,0,0,0,3,,,1.0,False,False,False,False
952468.0,37,0,37,0,0,0,37,,,1.0,False,False,False,False
952656.0,25,4,21,0,809,4,21,202.25,0.0,0.84,False,False,False,False
952666.0,1,1,0,0,56,1,0,56.0,0.0,0.0,False,False,True,False
952678.0,1,1,0,0,91,1,0,91.0,0.0,0.0,False,False,True,False
952734.0,19,19,0,0,112262,19,0,5908.526315789473,0.0,0.0,False,True,True,True
952914.0,49,15,34,0,8251,15,34,550.0666666666667,0.0,0.6938775510204082,False,False,False,False
952916.0,5,1,4,0,161,1,4,161.0,0.0,0.8,False,False,False,False
952948.0,96,33,63,7,397079,26,63,15272.26923076923,0.21212121212121213,0.65625,True,True,False,True
952954.0,2,2,0,0,15,2,0,7.5,0.0,0.0,False,False,True,False
952968.0,3,2,1,0,25,2,1,12.5,0.0,0.3333333333333333,False,False,True,False
952982.0,6,6,0,0,391,6,0,65.16666666666667,0.0,0.0,False,False,True,False
953362.0,4,0,4,0,0,0,4,,,1.0,False,False,False,False
953458.0,6,0,6,0,0,0,6,,,1.0,False,False,False,False
953460.0,6,0,6,0,0,0,6,,,1.0,False,False,False,False
953462.0,30,0,30,0,0,0,30,,,1.0,False,False,False,False
953464.0,44,17,27,1,2767,16,27,172.9375,0.058823529411764705,0.6136363636363636,False,False,False,False
953940.0,1,1,0,0,17,1,0,17.0,0.0,0.0,False,False,True,False
953952.0,3,3,0,0,572,3,0,190.66666666666666,0.0,0.0,False,False,True,False
954086.0,2,1,1,0,277,1,1,277.0,0.0,0.5,False,False,False,False
954284.0,1,0,1,0,0,0,1,,,1.0,False,False,False,False
954290.0,7,7,0,0,1071,7,0,153.0,0.0,0.0,False,False,True,False
954318.0,2,1,1,0,12,1,1,12.0,0.0,0.5,False,False,False,False
954376.0,4,0,4,0,0,0,4,,,1.0,False,False,False,False
954378.0,5,0,5,0,0,0,5,,,1.0,False,False,False,False
954380.0,3,0,3,0,0,0,3,,,1.0,False,False,False,False
954616.0,6,6,0,0,404,6,0,67.33333333333333,0.0,0.0,False,False,True,False
954642.0,16,0,16,0,0,0,16,,,1.0,False,False,False,False
954650.0,63,21,42,2,45598,19,42,2399.8947368421054,0.09523809523809523,0.6666666666666666,False,True,False,False
954750.0,40,18,22,1,20035,17,22,1178.5294117647059,0.05555555555555555,0.55,False,True,False,False
954810.0,11,11,0,0,2737,11,0,248.8181818181818,0.0,0.0,False,False,True,False
955032.0,27,12,15,1,3304,11,15,300.3636363636364,0.08333333333333333,0.5555555555555556,False,False,False,False
955068.0,1,0,1,0,0,0,1,,,1.0,False,False,False,False
955082.0,9,0,9,0,0,0,9,,,1.0,False,False,False,False
955086.0,1,0,1,0,0,0,1,,,1.0,False,False,False,False
955090.0,12,0,12,0,0,0,12,,,1.0,False,False,False,False
955094.0,2,0,2,0,0,0,2,,,1.0,False,False,False,False
955164.0,5,2,3,0,92,2,3,46.0,0.0,0.6,False,False,False,False
955436.0,1,1,0,0,120,1,0,120.0,0.0,0.0,False,False,True,False
955820.0,6,0,6,0,0,0,6,,,1.0,False,False,False,False
956080.0,3,3,0,0,1187,3,0,395.6666666666667,0.0,0.0,False,False,True,False
956268.0,9,3,6,0,166,3,6,55.333333333333336,0.0,0.6666666666666666,False,False,False,False
956276.0,7,3,4,0,279,3,4,93.0,0.0,0.5714285714285714,False,False,False,False
956292.0,4,3,1,0,69,3,1,23.0,0.0,0.25,False,False,True,False
956298.0,10,0,10,0,0,0,10,,,1.0,False,False,False,False
956480.0,17,17,0,0,10151,17,0,597.1176470588235,0.0,0.0,False,False,True,False
956484.0,9,9,0,0,1665,9,0,185.0,0.0,0.0,False,False,True,False
956664.0,1,1,0,0,99,1,0,99.0,0.0,0.0,False,False,True,False
957022.0,8,0,8,0,0,0,8,,,1.0,False,False,False,False
957922.0,9,2,7,1,686,1,7,686.0,0.5,0.7777777777777778,True,False,False,False
958394.0,10,10,0,0,4197,10,0,419.7,0.0,0.0,False,False,True,False
958416.0,37,9,28,1,1262,8,28,157.75,0.1111111111111111,0.7567567567567568,False,False,False,False
958418.0,42,4,38,0,1256,4,38,314.0,0.0,0.9047619047619048,False,False,False,False
958430.0,54,9,45,0,6123,9,45,680.3333333333334,0.0,0.8333333333333334,False,False,False,False
958432.0,50,10,40,0,2031,10,40,203.1,0.0,0.8,False,False,False,False
958434.0,44,11,33,1,4844,10,33,484.4,0.09090909090909091,0.75,False,False,False,False
958440.0,20,0,20,0,0,0,20,,,1.0,False,False,False,False
958444.0,20,0,20,0,0,0,20,,,1.0,False,False,False,False
958452.0,51,12,39,1,2865,11,39,260.45454545454544,0.08333333333333333,0.7647058823529411,False,False,False,False
958454.0,14,1,13,0,352,1,13,352.0,0.0,0.9285714285714286,False,False,False,False
958456.0,35,6,29,0,2034,6,29,339.0,0.0,0.8285714285714286,False,False,False,False
958458.0,1,0,1,0,0,0,1,,,1.0,False,False,False,False
958460.0,53,16,37,3,10946,13,37,842.0,0.1875,0.6981132075471698,True,False,False,False
958468.0,41,4,37,0,1593,4,37,398.25,0.0,0.9024390243902439,False,False,False,False
958470.0,12,3,9,0,702,3,9,234.0,0.0,0.75,False,False,False,False
958472.0,13,0,13,0,0,0,13,,,1.0,False,False,False,False
958478.0,29,5,24,0,3277,5,24,655.4,0.0,0.8275862068965517,False,False,False,False
958480.0,7,0,7,0,0,0,7,,,1.0,False,False,False,False
958640.0,13,10,3,1,1014,9,3,112.66666666666667,0.1,0.23076923076923078,False,False,True,False
958672.0,22,0,22,0,0,0,22,,,1.0,False,False,False,False
959118.0,6,0,6,0,0,0,6,,,1.0,False,False,False,False
959312.0,30,13,17,1,6438,12,17,536.5,0.07692307692307693,0.5666666666666667,False,False,False,False
959596.0,2,0,2,0,0,0,2,,,1.0,False,False,False,False
960294.0,15,1,14,0,41,1,14,41.0,0.0,0.9333333333333333,False,False,False,False
960296.0,11,2,9,0,175,2,9,87.5,0.0,0.8181818181818182,False,False,False,False
960620.0,28,10,18,1,4534,9,18,503.77777777777777,0.1,0.6428571428571429,False,False,False,False
960648.0,25,8,17,0,3867,8,17,483.375,0.0,0.68,False,False,False,False
960666.0,1,0,1,0,0,0,1,,,1.0,False,False,False,False
960670.0,2,0,2,0,0,0,2,,,1.0,False,False,False,False
960672.0,20,0,20,0,0,0,20,,,1.0,False,False,False,False
960674.0,1,0,1,0,0,0,1,,,1.0,False,False,False,False
960698.0,3,3,0,0,1476,3,0,492.0,0.0,0.0,False,False,True,False
960950.0,8,0,8,0,0,0,8,,,1.0,False,False,False,False
961064.0,22,6,16,0,720,6,16,120.0,0.0,0.7272727272727273,False,False,False,False
961552.0,5,1,4,0,76,1,4,76.0,0.0,0.8,False,False,False,False
961770.0,16,16,0,0,2944,16,0,184.0,0.0,0.0,False,False,True,False
962062.0,8,8,0,0,602,8,0,75.25,0.0,0.0,False,False,True,False
962168.0,4,4,0,0,283,4,0,70.75,0.0,0.0,False,False,True,False
962268.0,28,11,17,0,2167,11,17,197.0,0.0,0.6071428571428571,False,False,False,False
962658.0,54,14,40,0,27905,14,40,1993.2142857142858,0.0,0.7407407407407407,False,True,False,False
962902.0,46,12,34,0,18066,12,34,1505.5,0.0,0.7391304347826086,False,True,False,False
962904.0,1,0,1,0,0,0,1,,,1.0,False,False,False,False
963716.0,1,0,1,0,0,0,1,,,1.0,False,False,False,False
964510.0,25,6,19,1,833,5,19,166.6,0.16666666666666666,0.76,True,False,False,False
964518.0,1,1,0,0,13,1,0,13.0,0.0,0.0,False,False,True,False
964666.0,22,9,13,2,1609,7,13,229.85714285714286,0.2222222222222222,0.5909090909090909,True,False,False,False
964712.0,6,3,3,0,106,3,3,35.333333333333336,0.0,0.5,False,False,False,False
964716.0,17,0,17,0,0,0,17,,,1.0,False,False,False,False
965232.0,8,0,8,0,0,0,8,,,1.0,False,False,False,False
965328.0,8,0,8,0,0,0,8,,,1.0,False,False,False,False
965538.0,14,0,14,0,0,0,14,,,1.0,False,False,False,False
965540.0,18,0,18,0,0,0,18,,,1.0,False,False,False,False
965542.0,13,0,13,0,0,0,13,,,1.0,False,False,False,False
965544.0,13,0,13,0,0,0,13,,,1.0,False,False,False,False
965942.0,2,2,0,0,215,2,0,107.5,0.0,0.0,False,False,True,False
966158.0,17,3,14,0,265,3,14,88.33333333333333,0.0,0.8235294117647058,False,False,False,False
966686.0,2,1,1,0,178,1,1,178.0,0.0,0.5,False,False,False,False
967204.0,3,0,3,0,0,0,3,,,1.0,False,False,False,False
967310.0,14,1,13,0,53,1,13,53.0,0.0,0.9285714285714286,False,False,False,False
968150.0,14,2,12,0,264,2,12,132.0,0.0,0.8571428571428571,False,False,False,False
968232.0,1,1,0,0,114,1,0,114.0,0.0,0.0,False,False,True,False
968338.0,19,6,13,0,706,6,13,117.66666666666667,0.0,0.6842105263157895,False,False,False,False
968368.0,2,2,0,0,54,2,0,27.0,0.0,0.0,False,False,True,False
968520.0,1,1,0,0,33,1,0,33.0,0.0,0.0,False,False,True,False
969262.0,1,0,1,0,0,0,1,,,1.0,False,False,False,False
969268.0,2,0,2,0,0,0,2,,,1.0,False,False,False,False
969272.0,30,8,22,1,8987,7,22,1283.857142857143,0.125,0.7333333333333333,True,True,False,True
969284.0,1,0,1,0,0,0,1,,,1.0,False,False,False,False
969286.0,5,0,5,0,0,0,5,,,1.0,False,False,False,False
969288.0,3,2,1,0,439,2,1,219.5,0.0,0.3333333333333333,False,False,True,False
969294.0,10,4,6,0,7479,4,6,1869.75,0.0,0.6,False,True,False,False
969380.0,2,1,1,0,100,1,1,100.0,0.0,0.5,False,False,False,False
969386.0,8,0,8,0,0,0,8,,,1.0,False,False,False,False
969600.0,2,0,2,0,0,0,2,,,1.0,False,False,False,False
970240.0,2,1,1,0,20,1,1,20.0,0.0,0.5,False,False,False,False
970242.0,3,0,3,0,0,0,3,,,1.0,False,False,False,False
970244.0,3,1,2,0,141,1,2,141.0,0.0,0.6666666666666666,False,False,False,False
970250.0,1,0,1,0,0,0,1,,,1.0,False,False,False,False
970252.0,3,1,2,0,4,1,2,4.0,0.0,0.6666666666666666,False,False,False,False
970254.0,5,1,4,0,117,1,4,117.0,0.0,0.8,False,False,False,False
970258.0,1,0,1,0,0,0,1,,,1.0,False,False,False,False
970484.0,3,0,3,0,0,0,3,,,1.0,False,False,False,False
970486.0,4,0,4,0,0,0,4,,,1.0,False,False,False,False
971100.0,2,2,0,0,146,2,0,73.0,0.0,0.0,False,False,True,False
971102.0,4,4,0,0,10612,4,0,2653.0,0.0,0.0,False,True,True,True
971354.0,2,2,0,0,743,2,0,371.5,0.0,0.0,False,False,True,False
972408.0,2,0,2,0,0,0,2,,,1.0,False,False,False,False
972410.0,4,0,4,0,0,0,4,,,1.0,False,False,False,False
972412.0,5,1,4,0,120,1,4,120.0,0.0,0.8,False,False,False,False
972460.0,7,1,6,0,14,1,6,14.0,0.0,0.8571428571428571,False,False,False,False
973120.0,2,0,2,0,0,0,2,,,1.0,False,False,False,False
973286.0,1,1,0,0,17,1,0,17.0,0.0,0.0,False,False,True,False
